Monthly_Active_Usage_Hours,Support_Tickets_Open,License_Utilization_Rate,Last_Login_Days_Ago,Contract_Type,Account_Status
74.90802376947249,1,0.2406852736379748,40,Monthly,At-Risk
190.14286128198324,6,0.7641558526578329,9,Annual,At-Risk
146.398788362281,1,0.4244270546273985,57,Monthly,Inactive
119.73169683940732,2,0.7041437427062193,16,Annual,Stable
31.203728088487303,2,0.3435795477835891,16,Multi-year,Stable
31.19890406724053,2,0.1731066713260054,2,Multi-year,At-Risk
11.616722433639893,5,0.993323615938987,30,Annual,Stable
173.23522915498702,4,0.24058135713753936,50,Multi-year,Inactive
120.22300234864176,2,0.9895788945671329,0,Monthly,Stable
141.6145155592091,0,0.9795519393098026,11,Multi-year,Stable
4.116898859160489,3,0.8144362935172357,38,Monthly,Inactive
193.98197043239887,2,0.6934806658737979,3,Annual,Stable
166.48852816008434,3,0.6200263452259762,41,Annual,Stable
42.46782213565523,1,0.8794913908400512,12,Multi-year,Stable
36.364993441420125,1,0.36049556945753913,33,Multi-year,Stable
36.68090197068676,5,0.5209130912363894,41,Monthly,Stable
60.84844859190754,3,0.6574509724298517,20,Monthly,Stable
104.95128632644757,4,0.470071428282542,21,Multi-year,Stable
86.38900372842315,2,0.48473780868124117,56,Multi-year,Inactive
58.245828039608384,1,0.39725620075187595,3,Annual,Stable
122.3705789444759,1,0.6078086350160824,17,Annual,Stable
27.898772130408368,0,0.8655170752136044,4,Annual,Stable
58.42892970704363,0,0.28137554020568156,18,Multi-year,At-Risk
73.27236865873834,3,0.9409897348780972,1,Multi-year,Stable
91.21399684340719,3,0.7201788883734067,11,Multi-year,Stable
157.03519227860272,4,0.8409458914120271,16,Annual,Stable
39.93475643167195,2,0.6005716233670104,9,Multi-year,Stable
102.84688768272233,4,0.8015650312816571,33,Monthly,Stable
118.4829137724085,1,0.11458035760552049,5,Multi-year,At-Risk
9.290082543999546,2,0.8365423823015817,7,Multi-year,Stable
121.50897038028768,0,0.13612497317682987,50,Multi-year,Inactive
34.10482473745831,5,0.9009220387265763,10,Multi-year,Stable
13.010318597055903,2,0.992766472514779,56,Multi-year,Inactive
189.77710745066665,2,0.3646607159591001,11,Monthly,Stable
193.12640661491187,3,0.2892867006572143,8,Monthly,At-Risk
161.67946962329222,2,0.7888270274722367,1,Multi-year,Stable
60.92275383467414,6,0.32772370682822793,7,Annual,At-Risk
19.534422801276776,2,0.8790061448549831,57,Multi-year,Inactive
136.84660530243139,2,0.19255833294172903,10,Multi-year,At-Risk
88.03049874792026,2,0.21335967674142242,59,Multi-year,Inactive
24.407646968955767,3,0.981236399590554,52,Annual,Inactive
99.03538202225404,3,0.7064550084430041,35,Annual,Stable
6.877704223043679,3,0.8621985019860575,9,Annual,Stable
181.8640804157564,6,0.3918964396163662,20,Monthly,At-Risk
51.75599632000338,1,0.708835374568544,19,Annual,Stable
132.5044568707964,2,0.6348176445777375,47,Monthly,Inactive
62.34221521788219,1,0.6428351081106523,7,Monthly,Stable
104.01360423556216,2,0.7142792135839494,35,Annual,Stable
109.34205586865593,3,0.6178232558161887,28,Annual,Stable
36.97089110510541,3,0.4861561323723994,41,Annual,Stable
193.91692555291172,2,0.34833042494249217,11,Monthly,Stable
155.02656467222292,1,0.7917231978218818,13,Multi-year,Stable
187.8997883128378,4,0.3036451870028676,47,Annual,Inactive
178.96547008552977,1,0.7231188755389728,53,Annual,Inactive
119.57999576221702,2,0.309999540384394,49,Annual,Inactive
184.37484700462338,2,0.6627971529590085,20,Monthly,Stable
17.6985004103839,2,0.772370440416126,21,Monthly,Stable
39.19657248382904,0,0.2968425000158853,20,Multi-year,At-Risk
9.045457782107613,4,0.15394897077517747,43,Annual,At-Risk
65.06606615265287,1,0.21787636869475668,49,Monthly,Inactive
77.7354579378964,0,0.6453972705439229,29,Multi-year,Stable
54.269806354779185,2,0.8645017656031619,38,Annual,Stable
165.74750183038586,2,0.14049713911188194,19,Monthly,At-Risk
71.35066533871786,3,0.7607361331374816,23,Annual,Stable
56.18690193747615,2,0.40718678135504693,22,Annual,Stable
108.5392166316497,0,0.5306755329275703,6,Monthly,Stable
28.184844994952527,2,0.9359735948610091,8,Monthly,Stable
160.43939615080794,2,0.39877435426226093,0,Monthly,Stable
14.910128735954164,3,0.5188032405455375,25,Annual,Stable
197.37738732010345,2,0.112314173284613,37,Annual,At-Risk
154.44895385933148,2,0.17343884800435455,37,Multi-year,At-Risk
39.74313630683448,0,0.33273243202130565,53,Annual,Inactive
1.1044234247204798,3,0.12506701673896697,43,Monthly,At-Risk
163.09228569096683,3,0.6682377934434258,21,Annual,Stable
141.37146876952343,4,0.48375852112146034,43,Multi-year,Stable
145.80143360819747,0,0.5933306824552198,9,Multi-year,Stable
154.25406933718915,4,0.2571824673066966,54,Monthly,Inactive
14.808930346818073,0,0.3663388264929546,57,Monthly,Inactive
71.69314570885452,2,0.6974420273674526,5,Multi-year,Stable
23.173811905025943,1,0.9687724512673598,16,Multi-year,Stable
172.6206851751187,2,0.1453750962419883,50,Multi-year,Inactive
124.65962536551159,2,0.9013458887697394,49,Monthly,Inactive
66.17960497052984,0,0.6191930811800876,37,Multi-year,Stable
12.711670057204728,2,0.6075276100800613,23,Multi-year,Stable
62.19646434313244,4,0.5502506816869843,50,Monthly,Inactive
65.03666440534941,1,0.16245467731376506,9,Annual,At-Risk
145.92123566761282,2,0.1808891665625446,55,Annual,Inactive
127.51149427104262,3,0.6408208050931775,7,Multi-year,Stable
177.44254851526532,0,0.4068627142920025,20,Annual,Stable
94.44298503238986,2,0.9255412599199127,55,Annual,Inactive
23.918849187660342,1,0.4659314836235251,5,Annual,Stable
142.648957444599,0,0.228953312832377,20,Annual,At-Risk
152.15700972337947,1,0.7432469501518324,56,Multi-year,Inactive
112.25543951389925,3,0.3640180792969089,38,Annual,Stable
154.1934359909122,1,0.5729232766203038,23,Annual,Stable
98.75911927287815,2,0.728049506954653,32,Monthly,Stable
104.54656587639882,1,0.9102377000818633,58,Multi-year,Inactive
85.50820367170992,5,0.8129720753215085,17,Monthly,Stable
5.083825348819038,1,0.7087249610854517,55,Monthly,Inactive
21.57828539866089,4,0.7116698641556293,27,Multi-year,Stable
6.28583713734685,2,0.9513321796288778,56,Annual,Inactive
127.28208225275608,0,0.3662416877468825,51,Monthly,Inactive
62.871196215265336,1,0.10100088477656867,31,Multi-year,At-Risk
101.71413823294056,3,0.3447591034583788,11,Annual,Stable
181.5132947852186,2,0.2961022416640696,47,Multi-year,Inactive
49.858445829774986,3,0.6956511266025983,41,Monthly,Stable
82.07658460712595,3,0.6703404397889762,26,Annual,Stable
151.11022770860973,1,0.6341152444342514,9,Annual,Stable
45.75963309832449,0,0.11461909888850834,45,Multi-year,At-Risk
15.395981965758597,1,0.7559002490055827,56,Annual,Inactive
57.9502905827536,4,0.3911773712369424,51,Monthly,Inactive
32.24425745080089,2,0.698550390105968,41,Monthly,Stable
185.93953046851462,4,0.600920585651938,31,Monthly,Stable
161.6240759128834,3,0.4084578328851165,41,Multi-year,Stable
126.68075130208469,2,0.221118640393697,25,Annual,At-Risk
174.29211803754353,3,0.18497700789443286,24,Annual,At-Risk
160.7344153798229,2,0.8483664998010012,10,Annual,Stable
37.31401177720717,2,0.9265577878734021,22,Monthly,Stable
178.51179969799554,2,0.6848092420878696,33,Annual,Stable
107.86844838313014,3,0.19309070337443504,56,Monthly,Inactive
161.4880310328125,1,0.4618244951994167,51,Annual,Inactive
179.21825998469865,2,0.7560452800946414,39,Monthly,Stable
63.60069499437277,3,0.8018387956090612,22,Annual,Stable
22.010384905535354,2,0.20639676006197974,28,Multi-year,At-Risk
45.58703250838833,0,0.10002764696084418,30,Multi-year,At-Risk
85.42155772525126,1,0.7409233412925444,6,Monthly,Stable
163.60295318449863,2,0.42093655838758504,39,Monthly,Stable
172.1461166512687,2,0.32903319845643425,32,Annual,Stable
1.3904261062381407,1,0.1116077228105729,20,Annual,Inactive
102.14946051551314,0,0.5862694660853497,1,Multi-year,Stable
83.4822006297558,5,0.8660356618833835,17,Annual,Stable
44.42156209414605,2,0.9618684816453291,46,Monthly,Inactive
23.97307346673656,1,0.6091704555519603,32,Monthly,Stable
67.5230342807256,2,0.5630151949659048,36,Monthly,Stable
188.58194078250384,0,0.176550746940317,33,Monthly,At-Risk
64.64058640415105,2,0.5939855213883398,19,Monthly,Stable
103.75812434867322,1,0.44198117106885515,34,Multi-year,Stable
140.60379177903556,3,0.6464217527952192,50,Multi-year,Inactive
72.7259204758588,4,0.449853713088892,49,Monthly,Inactive
194.35641654419214,2,0.3162692111053301,53,Annual,Inactive
192.48945898842226,0,0.18546874770553884,17,Monthly,At-Risk
50.356459165072835,2,0.3834266001300062,45,Multi-year,Stable
99.44970117847708,2,0.18698035085897707,23,Monthly,At-Risk
60.17566196335393,3,0.25920725574158554,7,Multi-year,At-Risk
56.968098875493524,5,0.9886025427215913,29,Multi-year,Stable
7.377389470906559,2,0.49969320121595673,43,Monthly,Stable
121.91286679597937,3,0.5786845898545149,52,Monthly,Inactive
100.5358046457723,3,0.8862566758634938,9,Annual,Stable
10.29575024999787,2,0.996012010441619,22,Multi-year,Stable
55.729292847322284,5,0.6244430044102134,51,Annual,Inactive
181.65317719333075,2,0.8312264389397545,48,Monthly,Inactive
47.91237813339448,5,0.3942469219030078,10,Multi-year,Stable
28.97897441824462,0,0.375169561702562,1,Annual,Stable
97.8905520555126,1,0.46243334889510423,57,Annual,Inactive
197.13009082212014,1,0.7052565364062842,25,Annual,Stable
48.41105430230008,2,0.7139725203295889,35,Monthly,Stable
134.4271094811757,1,0.38371549118450576,32,Monthly,Stable
152.32392306574351,1,0.2198889317229658,46,Monthly,Inactive
47.527508798479936,0,0.6691566308189577,12,Multi-year,Stable
145.6432697223719,3,0.21549327596988807,39,Monthly,At-Risk
73.55662654385064,3,0.620643257406397,24,Multi-year,Stable
126.4611661187159,0,0.724079915250678,3,Annual,Stable
126.70594215217893,1,0.7305503467550065,41,Annual,Stable
107.1549368149517,2,0.7781248995936371,18,Monthly,Stable
18.05795401088166,5,0.885573479409098,17,Annual,Stable
167.0604991178476,1,0.5499630927683096,36,Monthly,Stable
64.15601299434717,3,0.757224270576614,29,Multi-year,Stable
37.30370207997085,0,0.6572554618292531,18,Annual,Stable
8.155028310952783,2,0.2679759458179143,57,Monthly,Inactive
118.17858863764836,1,0.12312068038246736,22,Annual,At-Risk
135.51287236845647,1,0.35608724710924045,58,Annual,Inactive
3.3175657855712304,2,0.4987303357038575,53,Monthly,Inactive
102.4186116598562,2,0.6553953499857906,15,Annual,Stable
45.29915503958759,1,0.8649633974528849,0,Annual,Stable
129.03455808188997,1,0.2766211450355491,11,Annual,At-Risk
34.87328580099829,1,0.21299481090862937,23,Annual,At-Risk
138.18754762049318,1,0.9671319527268948,33,Multi-year,Stable
77.34706926010747,3,0.1972401034387664,52,Annual,Inactive
187.3459977473469,2,0.5306419630964703,56,Annual,Inactive
27.50418882919865,5,0.6270073559139717,7,Monthly,Stable
68.2132702100517,1,0.5872369788166945,17,Multi-year,Stable
22.694704248117816,3,0.17742894132964887,56,Monthly,Inactive
184.93872365571255,2,0.15132422260325745,47,Monthly,Inactive
175.4678706761962,3,0.1949350847149321,4,Monthly,At-Risk
51.58832554303112,3,0.6270289154853512,25,Multi-year,Stable
131.99680920683582,3,0.589910398870889,29,Monthly,Stable
163.44444004024317,0,0.3103667128330698,53,Monthly,Inactive
111.04016231989246,3,0.6739967276610324,12,Monthly,Stable
105.93011567120129,2,0.8380607518500844,18,Annual,Stable
48.37045818009034,1,0.1374210638619344,28,Monthly,At-Risk
18.620553561179843,2,0.5483169491932381,2,Multi-year,Stable
179.44315159066534,3,0.7203793708924212,25,Multi-year,Stable
180.0836114326661,0,0.3270807343627184,39,Annual,Stable
126.62029145465358,2,0.3769938147638342,58,Multi-year,Inactive
67.80595820974014,0,0.6522741126904454,57,Multi-year,Inactive
69.84191492253218,0,0.9081417640993632,57,Annual,Inactive
145.19113577404786,2,0.8289319782726094,11,Monthly,Stable
179.42205199051543,1,0.6248171971896251,1,Annual,Stable
177.41728485302346,0,0.7571995459815243,10,Monthly,Stable
155.97510917152476,1,0.4283402231870188,43,Monthly,Stable
128.40632923085755,2,0.6768689752888819,27,Multi-year,Stable
16.827992999009766,3,0.5195634320148013,17,Annual,Stable
32.325742818922755,4,0.27094252281180486,12,Multi-year,At-Risk
179.71083770541586,2,0.7315644464895315,36,Multi-year,Stable
121.28581193191799,2,0.6008181736139399,21,Monthly,Stable
1.8394103233259296,2,0.4227594237582323,11,Multi-year,Inactive
20.294308573206422,0,0.9202052710707677,1,Annual,Stable
132.70035382161117,2,0.11884070604405994,36,Multi-year,At-Risk
1.0123167692437374,3,0.38419583612454644,6,Multi-year,Inactive
32.16161028349973,1,0.15119325799988192,25,Monthly,At-Risk
109.74675787331722,6,0.7898745845994645,25,Annual,At-Risk
138.37903953853865,1,0.7318967087024133,23,Multi-year,Stable
130.3922519005201,3,0.3982169968626853,11,Monthly,Stable
44.85386189211196,1,0.7080966119863658,15,Multi-year,Stable
142.4358442695072,1,0.4563435035763549,22,Annual,Stable
47.449817499360016,3,0.7806284122801909,39,Multi-year,Stable
65.07993963185355,3,0.5087652964630355,59,Multi-year,Inactive
149.29828102360483,3,0.47105175504849905,8,Monthly,Stable
129.92657980944293,1,0.9412569239394709,31,Multi-year,Stable
169.8446820988356,6,0.32579118990163025,14,Monthly,At-Risk
131.52257846006867,0,0.2084026059969089,36,Annual,At-Risk
113.66172066709433,1,0.6260888019335124,12,Multi-year,Stable
18.734953565618497,4,0.972389631055761,4,Annual,Stable
73.5431606118867,0,0.44005529235446805,10,Annual,Stable
53.04047353634509,5,0.1558330872659034,9,Multi-year,At-Risk
48.79792867581671,2,0.40537474057861067,51,Monthly,Inactive
194.6021109504891,1,0.5553384888876026,12,Annual,Stable
78.61954493335207,0,0.24573070596899235,40,Annual,At-Risk
178.40931103542266,0,0.6922919962508428,52,Multi-year,Inactive
126.22772519945258,4,0.9979744501091805,45,Multi-year,Stable
158.9622607083297,2,0.5065655283832995,49,Multi-year,Inactive
100.52741862103842,2,0.41925570105719134,14,Multi-year,Stable
115.38077692527182,1,0.46063375015102004,41,Multi-year,Stable
98.50353876377278,0,0.20363156055568105,55,Multi-year,Inactive
39.0485975596089,2,0.8949462412836015,6,Monthly,Stable
144.49042305230105,1,0.4733430899692168,39,Annual,Stable
56.15447248817116,3,0.44854697028235724,27,Monthly,Stable
4.863193286290768,0,0.6937212456374269,31,Monthly,Inactive
129.09445918143356,1,0.4978300788380112,34,Multi-year,Stable
35.42213588140979,1,0.6834101219270614,14,Annual,Stable
188.09171687058287,4,0.15530166111770877,47,Monthly,Inactive
190.78571540051746,3,0.8323510093500047,35,Multi-year,Stable
182.9728780440897,2,0.9464535575914623,20,Multi-year,Expansion-Ready
74.03174005108887,2,0.6838888475434474,5,Annual,Stable
3.0913233057734857,2,0.9591093359729297,0,Monthly,Inactive
185.66371251754506,2,0.23628908293296697,3,Monthly,At-Risk
85.63682966346286,2,0.5296745705323184,10,Monthly,Stable
193.3309638087339,1,0.6416260605509025,43,Multi-year,Stable
192.72399541785057,0,0.6235629826790681,25,Annual,Stable
170.601891093472,4,0.4613156011801389,36,Annual,Stable
58.889778413917135,0,0.4042759684296353,22,Monthly,Stable
77.01954572038505,3,0.21414162029537692,28,Multi-year,At-Risk
170.22733430337138,1,0.45256820550605037,20,Monthly,Stable
63.384401031255535,2,0.24639473359493663,47,Annual,Inactive
33.8985493372185,2,0.7609291088429966,44,Multi-year,Stable
111.36025249167002,5,0.287947841945131,44,Monthly,At-Risk
187.2309548321562,1,0.15270877475608047,48,Monthly,Inactive
139.2059593349946,1,0.5971295240355109,26,Multi-year,Stable
114.012234017873,5,0.6357067594474615,38,Annual,Stable
19.435298754153706,1,0.884721755152455,39,Multi-year,Stable
123.00144533983395,1,0.6192834511759137,12,Monthly,Stable
198.01077002085265,3,0.41093276835110115,22,Monthly,Stable
28.016803047304805,0,0.8227106933736885,58,Monthly,Inactive
103.66593047274735,1,0.586251003868679,15,Monthly,Stable
175.47461438559108,0,0.1713522561680726,29,Annual,At-Risk
148.15372355084088,0,0.6092655042819219,3,Annual,Stable
139.4031481990536,3,0.9172166908794961,39,Monthly,Stable
140.49681679742184,3,0.45668136294839856,15,Annual,Stable
71.89823024395103,1,0.3666932217098201,30,Annual,Stable
58.71836885289867,2,0.22912251131621805,52,Annual,Inactive
161.87223109570272,0,0.2363009697418216,41,Monthly,At-Risk
162.02267893583615,0,0.489494335907637,24,Multi-year,Stable
173.41446371602075,4,0.6361118417453766,43,Multi-year,Stable
182.64811051129425,1,0.17255386465264158,11,Multi-year,At-Risk
102.26847977218756,4,0.9456117301226491,25,Monthly,Stable
100.30325893743992,4,0.7796202557006763,36,Annual,Stable
159.65903579335503,4,0.6279615264552963,47,Annual,Inactive
129.99278615555303,2,0.8455948038450918,32,Monthly,Stable
140.39337545154066,2,0.17216808113090198,27,Monthly,At-Risk
159.15853388722022,3,0.5291549899598119,8,Multi-year,Stable
178.00106836351327,2,0.6670838141754971,11,Multi-year,Stable
67.59903137030716,5,0.8457876155064603,4,Monthly,Stable
75.1165905279888,5,0.8051226040443409,53,Multi-year,Inactive
18.7963879681738,1,0.3493623247420597,51,Annual,Inactive
115.6560281992348,2,0.9467921526032839,53,Monthly,Inactive
7.188454759348417,1,0.21191125728778332,27,Monthly,At-Risk
93.11960362649204,2,0.8876202567590369,55,Annual,Inactive
108.52892694151532,4,0.9738462246441567,34,Annual,Stable
57.30825042565688,2,0.25943817090036303,4,Annual,At-Risk
118.16665211380214,4,0.7498594577834068,33,Multi-year,Stable
6.100049987809886,1,0.13625696690019862,45,Monthly,At-Risk
7.469637749842883,3,0.4648805426252395,33,Multi-year,Stable
164.52011213193165,2,0.5646549692779066,12,Annual,Stable
72.03812828225257,3,0.6225807033186707,38,Multi-year,Stable
25.412102530376956,3,0.9423435234237035,41,Annual,Stable
104.44865201096087,1,0.7050256185647752,44,Multi-year,Stable
153.99871061972217,3,0.5331501560973133,47,Multi-year,Inactive
43.164205499368634,1,0.8287075326393004,57,Annual,Inactive
124.57809516380006,3,0.9554795388589681,13,Multi-year,Stable
17.0694929987536,4,0.11985953381406177,10,Monthly,At-Risk
10.33634423372154,2,0.9842691450304348,41,Multi-year,Stable
106.2709263136296,3,0.17751892515731232,37,Multi-year,At-Risk
108.1270243220213,3,0.8329481013418852,3,Monthly,Stable
127.48598029964131,3,0.35230127729627125,52,Annual,Inactive
145.21826674453231,3,0.21896169197848458,32,Monthly,At-Risk
195.17041589250692,1,0.49587007574245145,6,Multi-year,Stable
103.26006966023907,0,0.6795609215028522,55,Annual,Inactive
64.5912945882492,4,0.4428566605211275,40,Multi-year,Stable
159.03723895374074,1,0.14910886745442908,7,Multi-year,At-Risk
54.16645025241485,2,0.6395150256928449,36,Monthly,Stable
87.79428414112722,1,0.9121629484996072,50,Monthly,Inactive
15.69127626845319,5,0.4448938293525265,9,Annual,Stable
5.070148683091502,1,0.29469949986774435,42,Annual,At-Risk
192.52968293558502,2,0.49831961133953384,56,Annual,Inactive
167.19602410244116,2,0.1435264399439028,14,Multi-year,At-Risk
139.19484121873958,1,0.8384388260322473,37,Monthly,Stable
81.79058888285398,0,0.843706729855168,14,Monthly,Stable
34.658864014169154,0,0.6292004170866655,4,Monthly,Stable
31.28740853421721,2,0.41779260004455054,28,Annual,Stable
50.048579632919065,2,0.819805028001205,18,Monthly,Stable
109.8453329412241,3,0.5992183223095304,53,Monthly,Inactive
142.91918454001248,3,0.8433390776950146,50,Monthly,Inactive
132.03947534354626,0,0.6683129133247185,9,Annual,Stable
55.98677938918857,3,0.8059649258915176,11,Monthly,Stable
190.97305613263882,1,0.638706693895984,53,Annual,Inactive
147.5793833391537,1,0.47272696139409964,3,Monthly,Stable
110.87081050228014,3,0.9621512739335238,30,Monthly,Stable
122.34414924687044,0,0.5870024423909603,17,Monthly,Stable
83.92001248555798,1,0.6445805666864846,15,Annual,Stable
49.54619790023149,2,0.2984388754732743,39,Annual,At-Risk
71.19453573025231,2,0.6630857104845488,35,Monthly,Stable
151.56922209287382,1,0.6144468845346495,24,Multi-year,Stable
2.8786977259511737,1,0.26635455815232245,22,Annual,Inactive
23.214528101383248,0,0.15362838761782935,11,Annual,At-Risk
9.20052840435055,1,0.6439233877432939,33,Monthly,Stable
8.145760463794026,2,0.7873230424152885,35,Multi-year,Stable
171.09211680220145,1,0.5710612338298074,36,Monthly,Stable
140.73157187600472,4,0.3040953627876811,2,Annual,Stable
94.83476581746504,1,0.6998697790237314,8,Annual,Stable
19.566832130200297,3,0.17209515394864203,52,Monthly,Inactive
98.32317502336647,1,0.4976503343217592,17,Monthly,Stable
94.69435415611314,3,0.24703008255857817,42,Multi-year,At-Risk
34.640373982003034,0,0.266013145953895,34,Multi-year,At-Risk
86.77032984759461,1,0.2820645542423833,56,Annual,Inactive
79.70094687947469,2,0.4480363513395801,54,Multi-year,Inactive
123.17001961044329,1,0.14603518505835789,33,Multi-year,At-Risk
127.01873017352877,2,0.45801409683618843,40,Annual,Stable
9.060801954408904,2,0.5605367024032307,13,Annual,Stable
74.92252292529425,2,0.5349648564696927,3,Annual,Stable
125.17198314284728,4,0.44450569036273657,28,Annual,Stable
100.62725171601754,2,0.8552319472636772,40,Monthly,Stable
171.29796823766446,3,0.2307940231784537,44,Annual,At-Risk
131.738726323789,2,0.5551270694032366,49,Annual,Inactive
32.58688541628594,1,0.15583727526089888,14,Annual,At-Risk
14.113749480085968,2,0.16404011099011878,27,Multi-year,At-Risk
128.48385564126312,4,0.6164792647093866,41,Annual,Stable
5.302262108324363,2,0.6094165823990388,15,Monthly,Stable
117.15511625469266,0,0.8902301615600112,11,Monthly,Stable
188.0460482849915,3,0.6020863080940658,51,Annual,Inactive
115.0948355751758,0,0.9638119183643652,4,Monthly,Stable
77.63398524130439,5,0.1438253635599368,33,Multi-year,At-Risk
128.65764368847064,2,0.18820691630266695,41,Annual,At-Risk
91.65057809830333,3,0.13965927541334328,0,Monthly,At-Risk
109.12335786318698,2,0.266749165300186,38,Monthly,At-Risk
188.29296175530504,5,0.5871430998475103,31,Annual,Stable
77.22052756015485,2,0.6810149632846852,25,Monthly,Stable
192.23811276478284,2,0.14102664215380192,16,Annual,At-Risk
181.07012839121273,1,0.9513738008610394,47,Monthly,Inactive
39.158226957859284,1,0.8579488389853429,58,Multi-year,Inactive
13.872260175033091,6,0.36695123394138385,26,Monthly,At-Risk
20.15560027548533,1,0.16946877720382117,23,Monthly,At-Risk
3.6443651303099456,2,0.25289836589715153,34,Annual,Inactive
18.88859215118568,0,0.2142499723794754,45,Monthly,At-Risk
136.60135468327138,4,0.21095540136905216,41,Annual,At-Risk
14.237729692045797,2,0.5667055197991605,53,Multi-year,Inactive
63.79512605875226,3,0.3212626982440603,38,Annual,Stable
168.97506219389092,3,0.42232574487623,25,Annual,Stable
4.654387147165173,3,0.9905548000458902,48,Monthly,Inactive
162.89369651778716,2,0.7158828240328102,37,Multi-year,Stable
56.37095495467999,1,0.9540826003423012,22,Annual,Stable
23.63296552433125,2,0.22830089952980404,21,Monthly,At-Risk
139.34743307283014,3,0.44392552734931234,3,Monthly,Stable
125.7885693559768,3,0.5992586229541189,48,Annual,Inactive
175.49440270541058,3,0.16908225569986424,58,Monthly,Inactive
147.01420876077717,2,0.10376869926516208,8,Annual,At-Risk
160.69618607696972,3,0.7033909004172257,3,Annual,Stable
56.406914514261295,2,0.6776375651212918,6,Annual,Stable
35.48790875594457,0,0.4697099289996506,22,Multi-year,Stable
150.12295032817167,4,0.5406796684288294,1,Annual,Stable
161.3669478534528,3,0.47389870053288063,48,Monthly,Inactive
198.10102840013465,2,0.12160454036039997,23,Multi-year,At-Risk
82.5235353822853,3,0.40183444559571624,39,Monthly,Stable
74.40361715855663,2,0.25937402985756086,54,Multi-year,Inactive
155.28259214839937,1,0.18858177019123187,30,Multi-year,At-Risk
68.16070805060357,4,0.9610483905004148,46,Multi-year,Inactive
186.15146512071294,3,0.639423752537949,30,Multi-year,Stable
171.68255036860236,4,0.7557906558129424,46,Monthly,Inactive
85.79880547500368,1,0.38382736893950575,39,Annual,Stable
150.17421355829947,2,0.4538324165446137,47,Monthly,Inactive
150.90857481693646,1,0.3132315945070511,50,Annual,Inactive
20.62477376718652,2,0.1872691038688823,42,Monthly,At-Risk
180.51058133591334,1,0.2611284736974254,33,Multi-year,At-Risk
101.05047448957143,1,0.8177626407668372,54,Multi-year,Inactive
165.29149322154834,5,0.7097912246653982,23,Annual,Stable
64.00992020612235,0,0.5922359883869293,48,Annual,Inactive
179.1046456992401,2,0.5275808855800913,59,Monthly,Inactive
77.84033574683262,4,0.930190855290512,25,Annual,Stable
2.167530296059672,2,0.16546145300080156,15,Monthly,Inactive
181.07639528385272,0,0.3525407319141244,56,Annual,Inactive
18.25733535722671,5,0.4149440682136427,46,Annual,Inactive
63.86272751808298,2,0.804183230991509,12,Annual,Stable
190.012393410161,4,0.9932631581457741,14,Multi-year,Expansion-Ready
190.12142938751123,3,0.31660346328143774,26,Multi-year,Stable
114.68757762465722,1,0.8868766007233726,3,Monthly,Stable
126.36744243395985,2,0.8475604843886122,15,Annual,Stable
89.68910439566396,5,0.30219165787758995,29,Monthly,Stable
58.64215433961291,1,0.45939932217930035,43,Annual,Stable
65.7329090739832,1,0.4687055823632672,29,Multi-year,Stable
134.50369121540768,1,0.9803986016739025,35,Multi-year,Stable
150.474905887536,3,0.2628027112410085,2,Annual,At-Risk
158.3158087451697,2,0.8192421739943039,21,Annual,Stable
157.92362855891076,1,0.40077344275579896,48,Multi-year,Inactive
18.241220609738072,0,0.7577833111985444,21,Multi-year,Stable
98.88406094051629,1,0.47800990386609654,49,Monthly,Inactive
11.511752003328857,0,0.6205237868048861,56,Multi-year,Inactive
109.9057764647471,3,0.849350595993518,49,Annual,Inactive
88.3061002746754,2,0.8237490084854957,54,Monthly,Inactive
177.54083655165996,0,0.8797808651857302,59,Annual,Inactive
70.18300251041573,1,0.15365559281019314,48,Monthly,Inactive
23.413403285521174,3,0.7228454977357703,11,Annual,Stable
28.59833641056717,2,0.2259886390495866,54,Multi-year,Inactive
152.30212634349445,1,0.47423671121656996,20,Annual,Stable
123.64361266325221,3,0.5937295735492196,55,Monthly,Inactive
20.22453522455805,4,0.4624655362721477,3,Annual,Stable
16.821361222999485,0,0.5676505082227068,30,Monthly,Stable
140.193826291824,1,0.9968736779187573,43,Annual,Stable
14.552601272838706,1,0.22169558234156928,30,Multi-year,At-Risk
164.37201185807123,2,0.707910440802783,57,Multi-year,Inactive
141.24844543129925,2,0.45640086974705374,22,Annual,Stable
16.269756128379953,0,0.2197088190165959,53,Annual,Inactive
16.967542817038385,2,0.2428630870368786,52,Annual,Inactive
197.32791570023508,0,0.9543457956210551,19,Monthly,Expansion-Ready
74.85415915122407,4,0.8916413470405858,14,Annual,Stable
74.12842941337819,1,0.9163377643735197,22,Annual,Stable
162.5599134515005,5,0.9923794982446479,27,Monthly,Expansion-Ready
189.44971547677173,1,0.28748385100766616,15,Multi-year,At-Risk
197.2002127645742,1,0.41989540362765554,36,Annual,Stable
150.67563705178833,0,0.70229712693238,20,Annual,Stable
75.25191710618316,1,0.5354222858745825,14,Multi-year,Stable
16.700143339733753,2,0.4765505800405002,16,Multi-year,Stable
155.42938318548735,0,0.4220301244020338,49,Monthly,Inactive
111.68084994716101,3,0.6344025687491069,36,Annual,Stable
84.84440184939525,4,0.6180340857760738,12,Annual,Stable
181.2708770189472,2,0.24531205065781608,18,Monthly,At-Risk
22.239496461230267,5,0.5245658537665951,29,Multi-year,Stable
98.52502085817183,2,0.5981245985888649,44,Monthly,Stable
2.2707289534838138,3,0.6132582448582514,17,Multi-year,Inactive
93.73212839882525,1,0.2890964736211166,13,Monthly,At-Risk
11.26065513636747,2,0.7680442530270581,35,Multi-year,Stable
23.763583253614385,0,0.12267918533896267,35,Monthly,At-Risk
23.505249355420975,3,0.41934866998884646,19,Multi-year,Stable
129.8420604232127,1,0.8021913836820702,51,Multi-year,Inactive
149.20897585308467,3,0.6075036289498621,18,Multi-year,Stable
116.67375301943193,3,0.33504618925977425,44,Multi-year,Stable
192.43450969490837,1,0.7254578074087429,43,Multi-year,Stable
74.97411590474081,3,0.610651849740466,6,Annual,Stable
57.14241725637215,0,0.8166192485107484,56,Multi-year,Inactive
173.71982563789206,1,0.7615226675708411,43,Annual,Stable
44.71916770389053,0,0.6490971298326111,52,Multi-year,Inactive
192.64450788812226,2,0.5393599077797326,3,Annual,Stable
2.4308949379632683,1,0.21986391310077108,58,Annual,Inactive
193.97576534152782,4,0.3351997160968454,33,Monthly,Stable
8.631982390115223,3,0.47718952562537675,1,Multi-year,Stable
178.22862273961422,1,0.6393693583057498,4,Monthly,Stable
105.54022181725998,1,0.5623370696937744,54,Monthly,Inactive
198.59295922386008,4,0.3593660733635765,9,Multi-year,Stable
14.759312947079772,1,0.1058179220107395,31,Monthly,At-Risk
110.77085688026416,1,0.5466152997107325,41,Multi-year,Stable
193.8605071238198,1,0.3570633897060188,40,Monthly,Stable
104.61956883402976,3,0.7611474706394815,12,Multi-year,Stable
125.8797276270525,1,0.12155163874343515,38,Multi-year,At-Risk
139.14973779692343,2,0.6263450301752118,4,Multi-year,Stable
90.90821295355465,5,0.9473268137554589,57,Annual,Inactive
125.5116160168127,1,0.25696834040034955,9,Monthly,At-Risk
116.86286238462004,2,0.5244845416755358,9,Annual,Stable
180.23160209819778,5,0.18227979263542438,37,Monthly,At-Risk
9.089276068291575,1,0.6631137210352174,26,Monthly,Stable
56.19263791844607,4,0.595478512536603,59,Monthly,Inactive
190.08229681531174,4,0.46662897179154916,50,Annual,Inactive
178.05275677818327,1,0.5692393193263671,20,Monthly,Stable
91.13135055714258,2,0.9069171926221091,7,Annual,Stable
124.02651956030735,3,0.2766648720799604,0,Multi-year,At-Risk
55.476236596226535,6,0.12030806053481252,27,Monthly,At-Risk
37.62423194475226,0,0.8754983962291909,48,Monthly,Inactive
92.73968098799644,4,0.6194053741491158,38,Multi-year,Stable
70.67044560521056,3,0.9015926099156581,13,Multi-year,Stable
116.73122237017441,1,0.6372507010718553,20,Monthly,Stable
15.546927392996967,4,0.8291449809637322,29,Multi-year,Stable
194.8789615332333,1,0.48670602701963317,20,Annual,Stable
197.24214889592056,2,0.7748739381594419,48,Annual,Inactive
139.63234280394903,1,0.9217373202008704,8,Monthly,Stable
107.21927326882408,4,0.6149106673499857,16,Annual,Stable
61.90552325726555,3,0.2627066355061416,4,Annual,At-Risk
162.75900394138972,6,0.34191785352717835,57,Monthly,Inactive
136.94623451077587,1,0.2787801192076652,56,Multi-year,Inactive
32.52338786897826,2,0.3221713248361596,30,Monthly,Stable
182.1854368987685,1,0.3757739044159327,51,Annual,Inactive
164.5074485846338,2,0.5996204080778696,39,Monthly,Stable
189.9599826583848,3,0.6291924665174495,37,Monthly,Stable
145.143901677672,3,0.483849772517675,42,Annual,Stable
122.68303918715797,0,0.6538787018387519,18,Annual,Stable
83.64860725812377,1,0.17341743305022933,35,Monthly,At-Risk
186.54569667080264,1,0.179009413352344,49,Annual,Inactive
173.21277790008168,4,0.2546465143218926,32,Annual,At-Risk
9.043734021237881,1,0.5662697482363103,12,Annual,Stable
5.273394899450401,4,0.2925952108284822,13,Annual,At-Risk
75.29267337560992,0,0.35495596314331956,55,Annual,Inactive
162.1106661563666,3,0.4602815525556947,32,Annual,Stable
197.4552258629889,1,0.8306795116093418,28,Multi-year,Stable
30.083378220705637,2,0.1124759223215741,42,Monthly,At-Risk
118.82614307042702,4,0.6844409382129601,48,Annual,Inactive
76.1781713262043,2,0.7019888779366168,35,Monthly,Stable
193.98287956292063,1,0.8187902023209729,57,Multi-year,Inactive
168.42378462714174,1,0.9394776451542819,43,Annual,Expansion-Ready
167.66574094222756,2,0.11812406405436085,9,Monthly,At-Risk
93.73863195899406,1,0.2384053349618946,30,Annual,At-Risk
82.96390046753304,2,0.8975541646503937,5,Annual,Stable
54.68141438614125,1,0.5126667059683139,56,Annual,Inactive
11.275099330185423,2,0.6081315750401172,0,Annual,Stable
172.94447525101063,0,0.6967244833508326,6,Annual,Stable
162.58020182601553,1,0.7111599440460736,57,Annual,Inactive
199.9435346572261,4,0.9385663629848574,26,Annual,Expansion-Ready
199.32736741478107,3,0.9972544756705026,20,Multi-year,Expansion-Ready
111.08634112052549,2,0.7481417148378462,27,Multi-year,Stable
153.7974830361021,2,0.3584990882846357,15,Annual,Stable
188.95314597648562,1,0.8917771620649092,55,Annual,Inactive
169.9294781354823,5,0.14429882308668546,45,Multi-year,At-Risk
49.46962034863953,0,0.3079727675870466,22,Multi-year,Stable
90.1088270620187,2,0.9076471457173434,51,Multi-year,Inactive
25.831883030298997,3,0.3305723629954195,19,Annual,Stable
190.81020545174448,1,0.29858595365957363,37,Monthly,At-Risk
121.23492689017601,2,0.2243127638262225,53,Monthly,Inactive
45.728561100692545,4,0.8732005818822248,24,Monthly,Stable
134.34013688117133,3,0.5500524332719781,27,Monthly,Stable
123.62564809157917,2,0.7074038827487393,4,Annual,Stable
71.6325436065681,1,0.3151597456675267,55,Monthly,Inactive
22.711518439925804,3,0.7822363789100948,20,Multi-year,Stable
134.3146391185599,2,0.7840049904658887,17,Multi-year,Stable
104.06154018075866,1,0.3813382224174702,46,Monthly,Inactive
154.46367834712785,0,0.46961436970925463,5,Multi-year,Stable
104.03270022239867,0,0.28872124968718077,56,Annual,Inactive
170.43630006370802,2,0.9789049209906139,28,Monthly,Expansion-Ready
110.38136775489711,0,0.6810423193525704,18,Monthly,Stable
112.18759430707725,1,0.941089492643964,32,Annual,Stable
175.33072053166902,0,0.3730469892662198,0,Multi-year,Stable
80.6965732424794,0,0.8037018216972007,44,Annual,Stable
26.803045690128148,2,0.7892727794962678,2,Annual,Stable
5.756535262667795,2,0.7224900866798873,41,Multi-year,Stable
151.0274511347238,4,0.9690750777401204,20,Annual,Expansion-Ready
124.06191027069293,4,0.45419980249568404,34,Multi-year,Stable
140.81595361984472,0,0.2176455912307816,40,Multi-year,At-Risk
42.592832301782146,2,0.7045379733196547,39,Annual,Stable
27.27429511735395,1,0.7563788204294856,2,Multi-year,Stable
2.9089331335763857,2,0.6175545161129332,24,Annual,Inactive
70.11751176131939,1,0.28613610382005666,44,Multi-year,At-Risk
117.98353737092661,0,0.5540103475024198,37,Monthly,Stable
78.44880901994647,4,0.38097076291221643,44,Multi-year,Stable
87.49498440474581,4,0.48471987535002015,54,Multi-year,Inactive
180.83173889874968,1,0.6806967182601975,19,Annual,Stable
69.65109340466007,1,0.7706932684217511,51,Multi-year,Inactive
102.79789783196216,3,0.30900222181120884,43,Monthly,Stable
156.7306025482286,6,0.464792824582258,44,Monthly,At-Risk
79.30855646425402,1,0.34224541389246627,33,Multi-year,Stable
124.4173400455747,1,0.2787684524756822,20,Multi-year,At-Risk
172.47274174934904,3,0.8050484979962546,55,Monthly,Inactive
189.9041247315284,3,0.9183274249932931,54,Annual,Inactive
29.414696185807585,1,0.4332089671161191,47,Monthly,Inactive
185.31752503229887,2,0.7761510319363901,22,Monthly,Stable
98.42325861590764,2,0.90729576042797,5,Multi-year,Stable
51.64887765979167,1,0.8615117894772084,50,Multi-year,Inactive
91.82715124765227,2,0.2645320496853033,52,Monthly,Inactive
196.0065150570954,2,0.9606626933620251,12,Annual,Expansion-Ready
98.52361879857392,2,0.43900879638651624,48,Monthly,Inactive
65.75032205750165,2,0.4053165950564527,22,Monthly,Stable
126.68017086334515,2,0.15618819455000232,8,Annual,At-Risk
48.029123755638615,1,0.5375562886943948,16,Monthly,Stable
15.172665621732783,1,0.19811225407683586,1,Monthly,At-Risk
25.775944382129843,5,0.3236858388346834,18,Multi-year,Stable
25.609167791554487,3,0.38524835959055326,18,Annual,Stable
30.38053870245887,3,0.8279436911425156,55,Multi-year,Inactive
27.76543452988203,1,0.8879397853563069,6,Multi-year,Stable
128.17494896064292,2,0.3722196857153227,53,Annual,Inactive
36.37601687982897,7,0.8728283091201166,41,Annual,At-Risk
69.13345666477264,2,0.871507843632812,41,Monthly,Stable
179.35768198120238,2,0.7881858553463862,58,Multi-year,Inactive
94.79232805257448,3,0.2320256026136634,19,Annual,At-Risk
133.51154770420544,0,0.7212905622106561,8,Multi-year,Stable
34.46397424032597,2,0.9505216581225119,16,Multi-year,Stable
38.457803761734155,2,0.7142864308904413,26,Annual,Stable
8.173723253295773,2,0.3984551641970506,46,Monthly,Inactive
33.78701261443291,1,0.5505213856877482,1,Multi-year,Stable
55.71806780639172,2,0.6811525390159483,35,Annual,Stable
35.40209685534936,1,0.5595133678556532,18,Monthly,Stable
17.74050675141112,2,0.20795764755787283,16,Multi-year,At-Risk
24.12717422012016,2,0.38085764018681856,4,Annual,Stable
92.15575360654515,5,0.8221564274982692,38,Multi-year,Stable
41.2667436811585,2,0.8752762414859657,17,Annual,Stable
72.8539722096151,2,0.22357002944401322,52,Annual,Inactive
100.68345417097137,1,0.9571480771588522,53,Multi-year,Inactive
138.07896572587305,1,0.39594035606374844,58,Multi-year,Inactive
7.862427968219787,0,0.696082364857648,6,Annual,Stable
159.88207978180853,0,0.7766426313610131,16,Monthly,Stable
125.58007789818156,2,0.830751611174095,38,Multi-year,Stable
16.35180638977438,4,0.9511747320033371,35,Annual,Stable
174.71572482135545,2,0.3816275932259403,39,Annual,Stable
184.17448010636264,5,0.8726558090963991,44,Monthly,Expansion-Ready
12.21559197097275,1,0.21851821309258634,3,Monthly,At-Risk
55.37552962944075,1,0.7345368157182335,37,Monthly,Stable
161.24025595861227,2,0.7677799565625872,24,Multi-year,Stable
149.65193807673168,0,0.7099509170811884,4,Annual,Stable
36.90420387127546,0,0.32708326252163766,29,Annual,Stable
41.86986466734206,4,0.885738832313683,11,Annual,Stable
74.0944205582764,3,0.2519726170333555,3,Monthly,At-Risk
96.90459703820426,1,0.14827131236874777,23,Annual,At-Risk
123.65095430605919,2,0.7457184915507209,28,Multi-year,Stable
73.78272791395449,0,0.5279281437094603,8,Monthly,Stable
92.50694322662957,0,0.8641882179628084,3,Monthly,Stable
149.4941876267513,1,0.4450574269524331,50,Monthly,Inactive
7.33664057811958,2,0.25145072965694154,23,Monthly,At-Risk
50.48738886880415,2,0.8527979732228828,13,Multi-year,Stable
142.66991717691047,1,0.5940186684760645,4,Annual,Stable
179.04136753743987,0,0.27027621315131944,17,Multi-year,At-Risk
102.33548842313323,3,0.7483455987278012,41,Annual,Stable
106.42269705306313,3,0.5600022746405505,56,Multi-year,Inactive
21.43440226795521,3,0.6438816840162879,18,Monthly,Stable
89.48247336469093,5,0.5148085043859237,11,Monthly,Stable
106.52345329100463,2,0.8458380854362058,17,Multi-year,Stable
48.49410072694593,2,0.8466064441147448,16,Multi-year,Stable
53.84864618987619,3,0.7384499396419476,29,Annual,Stable
75.45683262092453,2,0.19486123965681607,23,Multi-year,At-Risk
4.014239555545274,2,0.854968475713662,10,Multi-year,Inactive
64.41583311663565,2,0.7039116824796188,34,Annual,Stable
42.28960139930893,6,0.7273217494038695,22,Annual,At-Risk
65.49947043558294,4,0.42668455636348446,16,Annual,Stable
23.952426363850243,1,0.891351600541306,0,Multi-year,Stable
178.105456147979,6,0.7528344402113717,14,Annual,At-Risk
118.71849071080973,1,0.201331419876275,31,Monthly,At-Risk
135.8204638288979,3,0.46700023096554644,59,Monthly,Inactive
157.83424772146765,1,0.8977423257641275,8,Monthly,Expansion-Ready
99.68843978581145,3,0.1424770315276411,14,Multi-year,At-Risk
17.38405761748474,4,0.9652749576778445,27,Monthly,Stable
107.42130836370956,3,0.7112463114876065,23,Multi-year,Stable
117.36822360417582,3,0.6682383798790389,59,Multi-year,Inactive
149.08789483686598,2,0.34350333083919227,34,Monthly,Stable
86.33190924593588,4,0.3239126098652594,21,Annual,Stable
25.516060559112752,4,0.9478523975397359,26,Multi-year,Stable
56.75518115974489,1,0.3684452088107105,18,Monthly,Stable
72.61645927972702,2,0.7979547670470994,44,Multi-year,Stable
129.18344826632026,2,0.45380961838637124,11,Annual,Stable
114.15566093378237,2,0.22532866370623358,19,Annual,At-Risk
71.21934517956925,2,0.10964376792582306,0,Monthly,At-Risk
197.30304975859593,2,0.5898316033137257,20,Multi-year,Stable
121.15496387137743,4,0.9782009366940394,48,Multi-year,Inactive
47.4453583471989,1,0.43222257442828405,44,Multi-year,Stable
20.356494524080748,1,0.4214731005937403,0,Multi-year,Stable
30.571827836866404,1,0.40968245606449794,9,Monthly,Stable
49.191545676901626,2,0.5684894535743726,46,Annual,Inactive
32.13627465191114,1,0.4965983950818642,58,Monthly,Inactive
37.313404810261154,1,0.891923164054313,58,Multi-year,Inactive
57.01903373876942,3,0.5549687125511413,31,Multi-year,Stable
34.67471905895096,2,0.5569820543697119,38,Annual,Stable
179.35308492528503,1,0.22453443524850095,59,Multi-year,Inactive
16.046749132328443,1,0.9844655868193474,21,Monthly,Stable
104.90227791405093,3,0.32497560178194673,17,Monthly,Stable
82.0793653979323,0,0.1660276607136424,47,Annual,Inactive
196.47572338172128,2,0.696831624077688,45,Monthly,Stable
22.40778043361047,3,0.6358297331411854,31,Monthly,Stable
79.57111980914833,0,0.47363108859347114,26,Monthly,Stable
193.89408665507378,3,0.4799730104926103,27,Monthly,Stable
173.10142517879606,2,0.8065575289417881,17,Multi-year,Stable
163.414414189856,3,0.27614137608968414,58,Monthly,Inactive
51.580565408987965,2,0.8382279870504008,38,Annual,Stable
34.177517478013165,2,0.6838724025055163,48,Annual,Inactive
133.7286439848862,3,0.47707279640157196,28,Monthly,Stable
185.87519782551715,2,0.5122257549254817,17,Annual,Stable
111.35257860278595,3,0.33098248646748624,43,Monthly,Stable
114.32253789397997,2,0.7769028994272773,7,Annual,Stable
55.99581873205683,0,0.561587268074741,53,Annual,Inactive
153.89858663838737,1,0.38876908847485925,30,Monthly,Stable
37.408749711504676,3,0.6364451041848552,33,Monthly,Stable
64.73584728084873,2,0.9961610068461907,6,Multi-year,Stable
85.08728772328335,3,0.4917360516908985,35,Monthly,Stable
101.522075736891,1,0.9286222607007576,17,Monthly,Stable
48.481946483016046,2,0.4105151559321095,59,Multi-year,Inactive
22.967364947840707,0,0.1492594362324873,37,Monthly,At-Risk
122.12400848832652,1,0.283817895731586,58,Monthly,Inactive
57.726110648051154,1,0.47682562899491576,8,Multi-year,Stable
116.24764428452245,0,0.2976714357351121,58,Monthly,Inactive
30.872543054840463,4,0.10020433439642999,8,Monthly,At-Risk
96.22802037096349,6,0.9235013839727745,45,Multi-year,At-Risk
106.51788651031717,4,0.8594914701078361,7,Multi-year,Stable
10.364707364485382,3,0.7680630083382524,50,Annual,Inactive
67.32085563878411,1,0.25103313608142575,34,Monthly,At-Risk
26.88293538779485,4,0.20832721858898745,17,Annual,At-Risk
12.674994094553549,2,0.16084427452514485,4,Annual,At-Risk
197.99204647798905,3,0.7516262698956291,13,Multi-year,Stable
64.47076899494459,2,0.9359271646190968,27,Monthly,Stable
161.97488917092699,0,0.48748223882173336,29,Monthly,Stable
50.92813095275277,2,0.20722660479644334,3,Multi-year,At-Risk
136.30054444478586,2,0.561153538658896,38,Annual,Stable
152.0455719779373,3,0.4139487167127671,19,Multi-year,Stable
119.12774812156886,1,0.437342431914998,24,Monthly,Stable
94.31523771003168,0,0.6591975617401366,27,Multi-year,Stable
82.3681828294537,1,0.7468463019359821,11,Monthly,Stable
69.77365330859907,3,0.19954323898584475,1,Annual,At-Risk
185.90582884956518,1,0.13203120772582877,42,Monthly,At-Risk
166.12388155754581,1,0.9948972724171434,13,Annual,Expansion-Ready
193.0053821333025,2,0.3094555140239966,21,Annual,Stable
24.859444697108945,5,0.1484474724176132,30,Monthly,At-Risk
146.17349504072885,4,0.27088779618632797,22,Monthly,At-Risk
187.66809136420756,2,0.13506206171361781,47,Annual,Inactive
36.24661323313203,2,0.4526298051554545,19,Multi-year,Stable
13.299253473355499,5,0.8221616060061918,37,Monthly,Stable
148.22412985801182,1,0.40712000478194854,54,Annual,Inactive
114.89462263598239,2,0.49976506619052996,3,Annual,Stable
168.3657553516544,1,0.708028096210695,14,Multi-year,Stable
27.9544753252579,3,0.5580046630628922,23,Monthly,Stable
159.05346237197804,0,0.8753011174191918,24,Annual,Expansion-Ready
40.32546400954891,0,0.8794321075411808,0,Multi-year,Stable
32.7311885731409,2,0.10891962594203829,6,Annual,At-Risk
32.853159586198586,1,0.8002416758348793,56,Monthly,Inactive
162.91494404627642,1,0.5146602402175064,30,Multi-year,Stable
133.03944413924003,2,0.9899564871732968,11,Annual,Stable
104.61308495382386,1,0.5349088682878916,41,Multi-year,Stable
71.7660968247005,2,0.9882063508494677,4,Monthly,Stable
175.44010816262164,2,0.7791124250851629,43,Multi-year,Stable
78.48902148452707,3,0.3237443961519757,49,Monthly,Inactive
163.31988789431543,3,0.584555481358262,41,Annual,Stable
87.82698171404368,1,0.9929220755307244,37,Monthly,Stable
75.38888588498152,1,0.8717775469767313,59,Annual,Inactive
92.53595713392129,1,0.187630204412099,11,Annual,At-Risk
60.27557483282842,2,0.7357347971289965,38,Monthly,Stable
149.52187603525022,2,0.4110216272837318,17,Annual,Stable
100.54407801849582,1,0.10628403569231332,1,Multi-year,At-Risk
46.44253902936346,1,0.46313287212429965,9,Annual,Stable
179.9149146549137,3,0.3112789795524742,14,Monthly,Stable
76.77824427464228,1,0.8369823434684244,29,Multi-year,Stable
108.71057222279772,5,0.40359754796118896,43,Multi-year,Stable
181.2944221929094,2,0.8447713245584354,57,Annual,Inactive
124.84759918279842,3,0.10053814495131579,16,Annual,At-Risk
23.379608141672815,0,0.3770372350235073,3,Monthly,Stable
187.96642472269502,3,0.3170486928769858,6,Multi-year,Stable
125.54161061428357,0,0.3102106249617499,40,Monthly,Stable
66.98112293141722,4,0.16136795778891644,30,Annual,At-Risk
27.854414532677453,1,0.26841184336945156,50,Multi-year,Inactive
158.8050378540592,2,0.5999946128970579,59,Monthly,Inactive
124.0145511857027,3,0.3622249655539701,58,Monthly,Inactive
106.6922183952643,1,0.47565530409623313,54,Monthly,Inactive
178.77851661019153,0,0.43918019231246963,38,Monthly,Stable
157.71944224490616,2,0.8883144324999052,54,Monthly,Inactive
30.334975946550237,2,0.9147690991094639,33,Multi-year,Stable
62.34441355910965,2,0.543661274490274,5,Monthly,Stable
49.69782796289315,0,0.397140355284044,49,Multi-year,Inactive
148.7892585145354,3,0.19612063360212728,37,Monthly,At-Risk
6.706486947155876,5,0.9580625914438855,44,Annual,Stable
113.9779369742633,1,0.15420425041026772,57,Annual,Inactive
152.4917371481381,2,0.36788524981145243,50,Monthly,Inactive
175.3531273523499,2,0.3682595810530037,33,Annual,Stable
68.4163497431815,6,0.3883611575261934,43,Multi-year,At-Risk
164.25146093440256,1,0.24785815894516836,14,Monthly,At-Risk
22.126347391041445,2,0.8048452878313275,13,Multi-year,Stable
169.29045834690365,1,0.2102480757693903,5,Monthly,At-Risk
25.497732466396485,1,0.6714159932378465,49,Annual,Inactive
79.45745811207345,2,0.2114614240352357,36,Multi-year,At-Risk
159.45907315591072,0,0.16348207383366092,49,Annual,Inactive
29.983485469754754,4,0.9184865533172888,31,Annual,Stable
45.8502790465283,2,0.2711158896868351,2,Monthly,At-Risk
144.45051367861325,3,0.8391251391037339,2,Multi-year,Stable
144.00730730921487,1,0.5901677839964222,21,Annual,Stable
128.22952657705946,1,0.17007086764789264,21,Monthly,At-Risk
138.78968889342,3,0.9599033722942607,9,Monthly,Stable
108.54488866951924,2,0.32226505029270325,50,Monthly,Inactive
50.35981178139055,2,0.8736808108173458,2,Annual,Stable
69.1391987007839,0,0.2519290052061078,11,Monthly,At-Risk
36.31954336028513,1,0.8685485939276676,28,Multi-year,Stable
181.69011226672566,2,0.11190593161476459,47,Multi-year,Inactive
116.67835895322409,0,0.5606024109125326,16,Annual,Stable
80.17028335272798,4,0.7924983214794011,6,Multi-year,Stable
92.40116072882654,5,0.941315965743505,12,Monthly,Stable
189.45666792236307,0,0.9182819225858383,55,Annual,Inactive
30.67028062321604,0,0.8376623825928804,1,Monthly,Stable
117.24596640335945,6,0.8993722146951737,3,Annual,At-Risk
101.1777357768932,0,0.2792977172533688,9,Annual,At-Risk
122.29084708692956,1,0.35576586614055594,38,Monthly,Stable
3.6220367641681017,0,0.36007167242895266,23,Multi-year,Inactive
174.4247817888303,3,0.43934853790152895,16,Multi-year,Stable
186.4236564967225,2,0.4539886033466698,51,Annual,Inactive
113.02663671784178,3,0.5900997921892079,5,Monthly,Stable
139.33016477537845,5,0.24389178702979725,18,Monthly,At-Risk
184.49987623545914,5,0.7221219974073904,4,Annual,Stable
141.44772686267973,2,0.25080988537405585,31,Multi-year,At-Risk
30.50780858285227,3,0.37927763389409275,9,Monthly,Stable
115.25767203336264,6,0.5530106175455387,8,Multi-year,At-Risk
121.34300927657118,3,0.8167965053711296,26,Multi-year,Stable
84.8261342604772,2,0.7655223099148545,12,Annual,Stable
147.28884712494457,3,0.68098092076947,18,Annual,Stable
186.87340295380298,1,0.24019593452215315,20,Multi-year,At-Risk
185.11370258135526,1,0.5923408110540199,23,Monthly,Stable
90.16787428082642,4,0.1787018516198969,37,Monthly,At-Risk
22.64760916815105,0,0.43962685911698574,3,Annual,Stable
196.9682397924669,6,0.47216487726096323,23,Multi-year,At-Risk
167.77961728918683,2,0.13583029550117845,58,Monthly,Inactive
24.93253624065337,3,0.34658928952297463,34,Monthly,Stable
184.16837652347448,2,0.9600845205398404,2,Annual,Expansion-Ready
173.97927241242564,0,0.9582693470467205,3,Multi-year,Expansion-Ready
103.76761142521443,1,0.41709434882728535,56,Monthly,Inactive
118.25508714898585,4,0.13879009805349166,36,Annual,At-Risk
79.80054077402605,3,0.26118544539536337,39,Monthly,At-Risk
10.952327764406267,3,0.4529960140901861,47,Monthly,Inactive
67.03944832918019,5,0.9530017281723068,53,Monthly,Inactive
160.57068971960229,1,0.22707915718346644,34,Annual,At-Risk
0.9264046009205718,4,0.787164259301391,30,Multi-year,Inactive
66.69983433822884,1,0.19781428543722288,55,Annual,Inactive
79.63373871818867,1,0.9831318196521491,43,Multi-year,Stable
107.47912058758457,1,0.44345484919822153,24,Monthly,Stable
183.9711232825521,0,0.7977110850091504,39,Multi-year,Stable
69.26919887319225,1,0.4083319745300187,12,Monthly,Stable
69.39064037924554,4,0.6649019894429278,3,Monthly,Stable
147.50024962194968,2,0.27281447626603306,45,Annual,At-Risk
90.44358817796143,1,0.2314189173672663,13,Monthly,At-Risk
44.920964587996394,1,0.9442577256113182,12,Annual,Stable
90.48790322653868,1,0.9258825501139901,26,Multi-year,Stable
28.17140407595997,2,0.8987220461915941,5,Multi-year,Stable
35.27739730124466,2,0.6628901051499341,16,Monthly,Stable
99.67355454789595,0,0.8274413900946505,35,Annual,Stable
83.78508990090958,2,0.16213324322023742,39,Monthly,At-Risk
182.96918021362,1,0.4013101377016113,48,Annual,Inactive
72.47877982332662,2,0.38233281228144067,34,Annual,Stable
116.11767005560868,2,0.672080789757352,16,Annual,Stable
126.45285758390608,0,0.4203619961235765,40,Multi-year,Stable
2.6188913176667272,2,0.23365610347931273,1,Annual,Inactive
132.70747440334213,0,0.6368203678721893,56,Multi-year,Inactive
35.60719337395029,3,0.8329455286021733,12,Annual,Stable
192.21406349389102,4,0.4439111450139759,51,Multi-year,Inactive
29.73254555062259,4,0.21904184358863354,1,Multi-year,At-Risk
82.92482474540475,3,0.27701937758154077,51,Multi-year,Inactive
17.06993361572877,3,0.3137349746524456,27,Monthly,Stable
199.37485036918946,2,0.3699078336950826,42,Annual,Stable
100.43900206624852,0,0.6785155634556782,58,Monthly,Inactive
119.07700346400875,2,0.640850936083947,25,Annual,Stable
13.415295477685497,3,0.7264718754103352,21,Annual,Stable
149.99209407983557,1,0.4262517860783619,46,Monthly,Inactive
41.981118619117154,2,0.8415978866919804,42,Multi-year,Stable
179.61085788814276,1,0.2836788950401843,54,Annual,Inactive
41.02792809640143,1,0.5221366727663386,2,Multi-year,Stable
38.13754413273331,2,0.8208448493872873,34,Monthly,Stable
7.309933569618976,3,0.26214278295935733,59,Multi-year,Inactive
94.41338902199985,2,0.19887680236670466,57,Annual,Inactive
112.96822665252328,0,0.8953155709191908,11,Annual,Stable
13.141727885670473,3,0.4086366964832763,23,Annual,Stable
155.1055233390021,2,0.7154831124181288,4,Monthly,Stable
90.65776694960552,2,0.12281374383754463,19,Annual,At-Risk
104.87805386551601,0,0.7210421995685047,38,Monthly,Stable
88.15254938764564,4,0.3844911803922735,38,Multi-year,Stable
80.1526121750652,2,0.15016676822869757,12,Annual,At-Risk
111.92806626164358,2,0.6488314853933054,40,Annual,Stable
31.0480491861425,1,0.31672343446585594,56,Annual,Inactive
36.38562609905422,2,0.448126517846692,52,Multi-year,Inactive
172.35712420270346,2,0.17252273105786226,44,Annual,At-Risk
189.22309242672654,2,0.2324469259854508,11,Monthly,At-Risk
74.66186325595059,4,0.3681795119462594,12,Multi-year,Stable
54.148934628710755,0,0.1807835505041414,55,Multi-year,Inactive
128.79990864780316,1,0.9197436382176837,9,Multi-year,Stable
81.74683421961927,4,0.10544233886558058,32,Multi-year,At-Risk
5.077271132068972,0,0.5354741969778802,56,Multi-year,Inactive
31.230519473238072,0,0.21092271231929632,39,Monthly,At-Risk
143.1944457694795,3,0.3769111805301537,53,Multi-year,Inactive
131.78478838203029,0,0.9334536038364389,15,Annual,Stable
5.419198500696698,1,0.24552509794658817,44,Multi-year,At-Risk
44.39443238658989,0,0.9692490877464993,34,Multi-year,Stable
46.21495931761428,1,0.2852149392904796,2,Multi-year,At-Risk
134.37854871974568,2,0.7674094976201467,55,Multi-year,Inactive
3.942107550872831,2,0.5920095384075805,4,Multi-year,Inactive
20.82171639691477,1,0.8960308548370832,25,Monthly,Stable
159.98321707463788,2,0.5985939299528179,10,Monthly,Stable
35.70893241086672,3,0.5811032972406778,6,Multi-year,Stable
130.54922157037495,0,0.27591220033155994,52,Monthly,Inactive
47.6365562093453,3,0.24960642584649287,55,Annual,Inactive
19.888278551869032,1,0.9248402360039628,9,Multi-year,Stable
48.634438199890816,4,0.3950543789650307,41,Annual,Stable
144.45338637113184,5,0.43487402946660636,51,Annual,Inactive
171.13929362125714,1,0.7838412925855496,33,Multi-year,Stable
166.0439729133983,1,0.4049411341805267,2,Annual,Stable
79.43670592369097,4,0.9568562019751025,7,Annual,Stable
133.61702731412925,1,0.7641349920989202,30,Annual,Stable
40.996859083164196,1,0.637686318316078,10,Multi-year,Stable
58.629546052202656,3,0.8928056444902772,44,Multi-year,Stable
179.26716370422395,2,0.1446453175145345,6,Annual,At-Risk
2.600384702147207,0,0.3313564229702879,44,Multi-year,Inactive
17.101706170893614,1,0.518532700798819,1,Multi-year,Stable
41.57725102920546,2,0.30428068552436893,5,Annual,Stable
5.306440774763943,1,0.7695146685719367,40,Multi-year,Stable
36.287087017959465,4,0.9272872279483526,31,Monthly,Stable
116.60831219393843,3,0.4813931079378311,19,Multi-year,Stable
84.2849101184996,0,0.4079193401007055,56,Monthly,Inactive
178.53434221539496,2,0.9653956589238096,33,Annual,Expansion-Ready
163.4887123476882,4,0.5003671895447868,49,Multi-year,Inactive
68.3634703395752,2,0.540143560404355,15,Annual,Stable
51.8846866862585,1,0.41648488510771486,24,Annual,Stable
75.93848163345338,2,0.9185936257109245,11,Annual,Stable
118.05898850296155,2,0.6120599349536656,6,Annual,Stable
53.61272816457525,2,0.7859571284634802,38,Annual,Stable
124.8297815698268,1,0.8306260465157977,16,Multi-year,Stable
81.88233043824809,0,0.40766413772553234,44,Monthly,Stable
110.40943617039605,3,0.490324898188342,10,Multi-year,Stable
87.22530582706334,6,0.8636245969656382,5,Multi-year,At-Risk
58.89315190838354,1,0.42692981650822925,22,Multi-year,Stable
189.69066139243134,2,0.8145416201066662,26,Multi-year,Stable
152.72115883195215,2,0.9468930903169934,45,Monthly,Expansion-Ready
28.02263515329051,2,0.6608893357612062,5,Multi-year,Stable
173.69359517958256,2,0.7674645587066999,37,Annual,Stable
97.48623964990273,2,0.8245875808370214,1,Multi-year,Stable
178.91044537881828,1,0.8605356840069782,21,Multi-year,Expansion-Ready
159.97105118946305,4,0.4555480040711164,19,Monthly,Stable
85.04270089384669,3,0.14613711325839837,24,Monthly,At-Risk
4.49386166402348,0,0.46168864411306554,14,Annual,Inactive
53.735471876989216,2,0.7063806068056808,59,Multi-year,Inactive
108.32684293217338,2,0.5053153472027135,48,Multi-year,Inactive
126.69564396522945,3,0.7740668357743586,28,Multi-year,Stable
51.577537086640454,1,0.42128418652179755,7,Annual,Stable
27.871214814564826,2,0.6712697269936266,36,Monthly,Stable
166.9860473598598,0,0.2677778243685771,48,Annual,Inactive
196.88043614071043,3,0.7744324929804612,51,Multi-year,Inactive
105.13803646053717,3,0.5911263719317232,32,Monthly,Stable
34.3358571696607,2,0.2836579496919405,21,Monthly,At-Risk
54.461465303873794,0,0.3627200561480266,49,Annual,Inactive
3.6781353094933467,3,0.7737478377236491,46,Monthly,Inactive
182.8597613120998,2,0.5343411120953686,4,Monthly,Stable
23.550216578028227,4,0.294428296353765,38,Multi-year,At-Risk
115.30329510285071,1,0.9705440713332678,17,Multi-year,Stable
54.8110441374412,3,0.7436125178351991,37,Monthly,Stable
110.83560050315869,2,0.9614213492858166,53,Monthly,Inactive
130.28407767037285,4,0.4843945408243089,52,Annual,Inactive
165.94836074144033,0,0.5275903066225485,36,Annual,Stable
41.28425435212064,2,0.9081596945665172,29,Monthly,Stable
2.1991657316960955,1,0.5725444062208462,50,Multi-year,Inactive
27.377126013761455,1,0.7365510207151005,30,Monthly,Stable
180.00372836962103,1,0.326955589745977,9,Monthly,Stable
174.77801551250306,0,0.5020538218323765,14,Multi-year,Stable
119.48262043406166,1,0.2111048792293196,41,Multi-year,At-Risk
120.10337208673067,2,0.2853820322892655,58,Annual,Inactive
133.00733490925109,3,0.10084907374086799,47,Annual,Inactive
35.07425572468992,5,0.13533854648379423,43,Annual,At-Risk
182.88238918499195,3,0.9795554408592364,17,Annual,Expansion-Ready
83.75410497841462,2,0.31811832562308606,22,Multi-year,Stable
76.6277056498995,4,0.6969796385536018,32,Monthly,Stable
103.78354105656751,3,0.8551897289196504,15,Annual,Stable
9.39319335501101,2,0.5955944133129079,53,Annual,Inactive
33.256673751215885,1,0.23783005007556057,37,Multi-year,At-Risk
147.6067232852741,1,0.7553047936025498,34,Multi-year,Stable
16.559733585025292,4,0.6402262690896248,33,Monthly,Stable
120.63042189327764,5,0.7581255304126375,27,Monthly,Stable
49.06982193626419,1,0.7927719605713784,1,Multi-year,Stable
77.85912280839531,3,0.9778693309162706,29,Annual,Stable
57.738747354139974,2,0.616206952024039,12,Annual,Stable
71.13454329298983,1,0.40747700142154164,40,Annual,Stable
143.8091810368491,2,0.6836181012102134,15,Monthly,Stable
59.424343124635,1,0.16159663831836352,58,Annual,Inactive
113.28092805937943,2,0.9076575864894276,4,Annual,Stable
95.21008043981993,1,0.2074429102043771,54,Multi-year,Inactive
132.73423307252963,0,0.39505855409723645,27,Annual,Stable
187.3659478649516,2,0.8341708425635088,52,Multi-year,Inactive
146.51441944205007,1,0.6375811404976406,38,Annual,Stable
42.98807571815135,2,0.45427196824969784,44,Monthly,Stable
6.2366270122569345,3,0.5260920934375193,19,Annual,Stable
52.45280885996502,0,0.8690926538819623,23,Annual,Stable
119.01558614005097,0,0.4060039474539029,26,Multi-year,Stable
10.285162696850069,2,0.8826847163309541,29,Multi-year,Stable
99.27324944024727,1,0.17932098787902234,57,Multi-year,Inactive
119.36856978337784,2,0.7991185934877677,44,Annual,Stable
66.84877816339217,3,0.8627928697492627,26,Annual,Stable
154.18244074916439,2,0.2636358875536049,25,Monthly,At-Risk
21.31965062675436,3,0.4873118791349804,6,Annual,Stable
15.027556347161752,3,0.24894979719729007,41,Monthly,At-Risk
145.63775124072066,3,0.735943716094796,46,Multi-year,Inactive
99.09826324123969,2,0.5818129912554911,52,Multi-year,Inactive
137.68047928554722,0,0.6717910120374889,58,Multi-year,Inactive
86.96546772074925,2,0.27683827026059005,37,Monthly,At-Risk
49.280406647821366,2,0.29057127584717757,4,Annual,At-Risk
163.82046353483994,2,0.13734759295891574,22,Multi-year,At-Risk
159.88317579379586,3,0.3898607816761568,27,Annual,Stable
138.93929417088535,1,0.6037701952003075,33,Annual,Stable
54.42902744599254,2,0.8721414225975959,52,Multi-year,Inactive
118.04613337381741,0,0.7002347027128126,14,Monthly,Stable
72.19477938800536,0,0.49185669105977625,31,Annual,Stable
18.316414665326832,2,0.957808102954724,25,Multi-year,Stable
183.46271509244855,3,0.7473206805182486,47,Annual,Inactive
27.36372618379228,1,0.937148682576295,30,Annual,Stable
190.0474707641605,1,0.5748291759449491,18,Annual,Stable
89.20115459159115,4,0.33301384731382566,8,Annual,Stable
