monthly_spend,website_visits,support_tickets,returns_count,avg_order_value,days_since_last_purchase,is_anomaly
565.2032230855922,14.951085478403089,1,0,53.333888207457676,20.223524583074447,0
617.9229180734617,19.005798279364196,2,0,77.71787557221575,33.90775509329783,0
279.0950922402026,20.933469007376374,4,1,94.87032070405758,16.100164578848524,0
431.16055917437166,16.54094365542228,3,0,88.55556277169971,18.015023974885793,0
365.0429489794557,20.896457498005443,2,2,82.14691603821592,21.691167853796944,0
612.2814071776953,18.339277552637018,2,0,84.73334305927077,16.781014980088294,0
381.2474215689703,9.924340920472453,2,1,102.61830338066491,20.827409069210038,0
391.09236055500827,13.7473977289535,3,0,92.7453460086906,3.908995573832236,0
575.9518181306613,22.475191570380577,1,0,75.16242615900693,4.696572057875819,0
406.00960491965157,23.15141727015921,2,1,123.25453700613045,19.43161201967858,0
447.232273007099,21.71063745535946,2,2,93.62599626127432,28.040856315243794,0
510.44564818858055,18.190017390841,3,0,89.25639693766105,27.184590912750583,0
598.7804700754298,18.882207776386124,3,2,102.22369075527561,13.654863773782104,0
1136.6318228689324,2.5055501509379012,10,13,598.0637640800485,124.39479356825926,1
529.2560856525439,15.630803264645419,2,0,99.4669643772801,26.286733409575437,0
401.9677194815317,20.135971809358423,0,1,94.26324195757643,17.462006669670615,0
513.6220814301498,15.212541074960832,0,0,63.02690073755833,29.842843862672083,0
625.2993052482886,19.43562082600912,1,0,78.23128430370362,2.057061752056409,0
514.6411777574434,17.398094180232007,0,0,113.29285334990695,24.26491205266365,0
484.3828334758779,24.18046587605219,0,1,119.92307559102115,1.0,0
427.52177759410154,20.962634746005914,2,2,83.66055280554957,28.72149726304326,0
533.2028959196023,26.167157661505478,1,2,52.601157366714254,18.074453878440767,0
559.759794949454,20.648463771783653,0,1,104.3846117522395,17.788231367922055,0
505.7701935993658,20.097662219535138,1,1,57.58881915865981,6.433113267922371,0
568.50686128318,5.5029714256321345,3,3,104.63065750598243,14.736524524642483,0
576.0702826781613,22.70385593994108,3,1,83.0429845956975,23.855641092272876,0
449.5225612681569,19.979017667187044,6,2,81.28229127854208,25.00652875436968,0
1344.1582643945399,1.7822825884060922,11,13,301.1419915050235,163.07836692385402,1
503.4493787521781,12.0318158412176,3,2,61.979505810845325,19.118884040157777,0
416.97103161425065,25.993235852523583,0,0,122.61607037586631,24.941530178901985,0
326.2298790203211,22.595382414938843,4,0,103.10133096719095,13.531877309983813,0
352.2962820279254,17.01825075457511,1,1,108.83475671642856,10.821754278421924,0
556.5762028563195,11.728552884153753,4,1,66.88069717364601,25.551033355621108,0
334.0640322842797,18.106357883680307,1,1,46.55371789092069,10.810890882402052,0
502.9412209110731,18.283249624485535,2,1,101.55415996468533,14.642052823095236,0
506.98504621352,25.97252531612486,1,1,91.69788883504584,13.660310118804674,0
455.0215030940483,20.117995327967307,1,1,95.12841549994062,26.74830300083569,0
521.8239506070195,15.669817490658788,5,0,77.25501268042095,35.552466665011835,0
452.7993425207167,26.87655446304756,3,0,89.41795312162775,23.51685263285424,0
617.0654152546831,15.32382394219716,0,0,97.8405100307064,19.221801419671717,0
574.8943780462587,18.960245582450156,5,2,64.49332218935095,10.440631113974344,0
535.5344332477491,21.2616143920671,4,2,104.33088501041225,19.46980835067242,0
599.0499618785636,20.693779962231847,2,1,105.26891519767528,11.690411996104281,0
1237.948759818648,3.689051759730264,8,14,359.6437198229704,152.53632578049866,1
575.5554610308335,10.220521768981865,1,2,100.90373723283041,32.29580488357554,0
427.97397474094464,17.264989991857558,5,0,85.01441813871952,11.822077119881296,0
643.4055954709811,24.55154373059804,3,0,95.43382519161966,32.18717774939046,0
389.3401610986849,16.98163124911517,1,0,75.87790300500468,12.865197858318563,0
493.33427613240576,14.232910648269083,2,1,47.56058188953895,29.21547972112173,0
380.19751511134507,14.239217972047085,4,2,119.00858592918186,17.13204918404702,0
502.2102055027462,24.105168477626766,0,2,92.86229312116068,15.272235503903111,0
642.6071928137701,18.094248114724238,2,2,80.18078834288164,22.357719407560356,0
492.856957272584,14.535474011020463,1,0,71.43695077604882,20.457367366682753,0
322.569650506419,15.555752891068629,1,3,48.93192531545479,12.69062880612633,0
329.0302176543852,14.736880103488046,0,2,113.47508150614559,10.044850429375067,0
427.7952065324724,21.92900079325416,1,1,90.70798753443374,20.426883399511645,0
587.091994867843,20.579696088520496,2,4,80.42402984371309,17.938855168716806,0
444.38987686250454,21.21361379933772,1,1,94.02176425011133,13.057099714697262,0
275.92817688899027,19.405957119846878,3,0,77.38373935708562,15.038575792819543,0
437.92538598795534,18.218012231862268,2,1,100.96696102698216,8.163026789215774,0
607.95198505199,18.17041734129613,2,2,149.80278297273617,15.205024998401488,0
623.7199426995141,21.491116568067948,2,0,92.23523984207701,19.006352501760094,0
563.576501349834,15.178762006713058,0,0,113.43165713345348,18.708594094844262,0
962.3277788785665,16.37584308245689,2,2,76.05601213860032,25.0107129706208,0
549.6121883868441,16.867605540492367,2,1,85.72944353308418,16.504262617910967,0
370.27240068801234,17.601793043771423,2,0,45.4140339392634,17.842717163278028,0
496.0696075740802,22.415548885735795,1,1,79.40150915355986,25.135402870740798,0
534.3038468869886,7.240922993353475,5,1,99.78818977232925,20.577295254884056,0
543.3674726610096,20.6141774401775,1,2,87.03502101543278,10.217551906058905,0
672.988234478948,18.922756515985185,4,2,85.33650132575622,1.0,0
520.9493375398207,23.86364509629682,2,1,88.6689315243627,29.627657383277004,0
396.6458958406084,11.515840260220767,3,1,102.80020253652859,18.39493617291663,0
508.5879484663271,17.862425474746818,1,0,88.02065818110272,32.614221901126015,0
346.4507639917158,15.625481716887379,1,0,82.24073802513682,14.752364213609143,0
429.27622916669463,15.091595430256781,0,2,129.16838182309408,15.119561311451037,0
425.27605762152876,26.141983115642688,2,1,87.35163361323774,12.127220922490757,0
467.7333571334203,14.770179104377323,1,0,108.91952924967407,18.585895790308566,0
523.6233483042948,18.134429194972654,3,2,83.50041481844897,17.404487776224077,0
397.2699408909359,3.6386889335917534,0,3,87.81835296469512,13.977869785183707,0
429.0114333397004,20.095095046830227,3,1,87.8002897375123,6.441030034633869,0
652.586611399299,22.263868375611096,3,0,78.14586892773472,29.99928426637036,0
491.3587854103599,14.742909981927758,5,2,78.59799047299833,9.247804919284805,0
555.4524169115925,17.35089650133287,3,2,76.92489265641947,23.917739682946507,0
620.4239477470429,15.580570829728392,0,2,36.89860900179581,19.475705545714337,0
538.8999622986131,14.322350287051167,5,3,88.3097878624512,14.531554988374726,0
544.5375048045571,23.120312629057313,0,1,50.99960464379577,14.714212862951673,0
1071.4112973270412,4.130606251291507,18,8,252.3369445395279,66.68826318016825,1
495.4838357090182,24.484972732805545,2,1,65.59232036497494,12.923294263535503,0
626.4370155929407,23.548499209781117,2,1,77.83088986326379,11.318154824228655,0
594.9995232755523,19.96658919697186,3,0,97.80339272246101,16.077486060067134,0
245.13251308282318,16.93278564534896,2,0,100.01385590257973,12.974665749635516,0
614.6170784601486,20.68326376263643,2,2,102.66465150617961,21.192851611266722,0
420.48514892649837,17.32991416663541,2,0,74.79115586466898,21.318296180585445,0
441.7563742605076,20.97377170832643,1,0,57.18810278135885,17.949091835002054,0
555.1016095074124,12.660985392104035,1,1,78.08038338195018,31.77278522337102,0
695.433865468555,24.50870644699399,4,0,95.1995383448066,13.71878894557995,0
637.9127991542811,15.323359070230387,2,2,65.5141887834674,13.680452535526939,0
436.42877554795535,19.12225909279986,4,0,60.104662516616344,17.677570171128743,0
356.4552051103195,14.55406090955216,2,0,77.60179061085705,14.571106405955158,0
689.5486574876854,14.941154545473573,2,2,85.98649673399119,17.428025155008953,0
513.7073178394447,13.003488838525445,2,1,104.45822140736473,10.945383678810469,0
677.0427460339463,22.960211747682614,4,1,104.3589102628188,6.763939988740054,0
377.45206194431444,13.95198240039177,2,2,103.36062937359972,31.501907748152295,0
652.0293379023947,14.490041560966223,3,0,90.07413438983626,24.64404413172391,0
301.41719937610765,21.46552803631572,5,0,71.1717559144719,15.53120570703093,0
470.5108323096867,6.185337822290808,2,1,68.64591696027854,26.33235438426558,0
540.5123194490243,17.149076887375358,3,2,75.87005403063276,23.510910916008292,0
1146.8356651430097,1.6329629672610508,18,7,578.9908937582499,153.2762577772702,1
470.55342607965554,19.005495233574837,3,2,50.637250192479286,23.10518271576795,0
522.3930947787629,23.633525684137915,4,0,60.15501537061755,19.540797113110166,0
531.1667002065778,13.5625391109895,1,0,86.76471507771898,17.41268695712192,0
456.45937274724093,18.973037276186215,0,2,120.73194047853391,18.211024791474102,0
1632.446218433559,4.779789683286018,15,8,208.0046894515099,157.3218449918483,1
532.0460319043111,28.85471358748907,2,1,50.10870096203928,11.944932498924103,0
609.8482541242489,11.871171684988294,2,1,94.80363034981482,26.51521844529382,0
467.67117986665306,28.786541066327516,4,0,97.49164618634488,29.35153317165925,0
473.18446576089787,16.779216823546758,4,0,66.9805996314749,21.76309714930664,0
1258.6518259235822,1.8024654844986108,10,10,478.25630137816324,79.50804823961744,1
421.77966706374093,19.12342362875943,3,3,128.19478521321997,14.064560126458153,0
542.8418583158057,14.753612274669965,5,2,58.19886219278381,10.454658971938892,0
628.0009627506985,15.256375461295193,1,0,95.0652045305101,18.61069006474427,0
664.2357869038818,16.95338161424067,1,2,89.90808122411623,26.76747010405,0
547.8963337222485,14.960890064527838,3,0,116.36010062086639,17.344363725775054,0
388.76834341063005,11.780683823043574,1,2,99.92497078863798,22.919079712899027,0
522.3745177723313,16.876834250014877,0,2,120.45383321799831,15.847102853731165,0
449.4818623015684,25.38765040527631,1,2,37.62617586295683,15.461780164242134,0
772.4831429365274,17.261987068506656,1,0,90.33399579004144,18.692016115077138,0
580.3607058596046,18.923401529324543,6,1,94.06509002571542,4.514815423783162,0
540.134814798443,14.404233403787899,1,0,76.88623240387494,23.865092923674524,0
612.5940567171198,4.483838535003814,2,1,43.722299064910175,24.887464760711165,0
545.2760591653823,24.13466611942154,1,1,69.65238387115383,29.71468789202315,0
436.2803653997819,18.10655824335971,1,0,71.78211326027635,11.379948887370691,0
350.26601816421805,24.238710363368668,2,0,90.56716332890726,22.977317130781543,0
1519.1087809311675,1.1900710288284415,11,7,572.140470853227,120.45281324695608,1
391.482004987471,15.812708498382948,4,2,104.47810239986457,15.31421021446604,0
611.7536142939439,19.967426927108747,1,3,91.39619420479835,17.407026969960025,0
594.9238336451656,17.76539710560408,1,2,116.9685291071568,15.330168286700099,0
591.0763064591921,30.198762031696365,3,0,51.2177509205831,21.513913601721832,0
513.3107107651839,8.552296345272346,3,0,69.8513845049442,15.72581464605783,0
495.7008753068058,17.878227038695087,4,2,83.87888868119606,23.42206348412219,0
322.5773611559087,12.991899950525422,1,0,92.4767429000334,4.882209470222882,0
421.6004920911546,20.762449772085738,2,0,94.72342482931748,11.897576813215158,0
294.7797928812049,16.165877940926563,3,1,90.20943498141762,12.441564200747846,0
579.4556809425256,11.150985102104611,3,1,50.65646660275433,28.816663989345802,0
640.3154708534807,18.464224505705573,6,0,84.30668860524787,7.545984847756918,0
488.56453611356574,24.521701214390763,3,0,95.34460100554774,22.276750409726503,0
477.5754027006369,26.199822646856965,1,0,121.41743620246947,12.604488178718064,0
355.96443115330686,10.035031332341653,3,1,106.77229402638704,14.404720884502423,0
775.86777483431,14.88675319132774,1,1,59.62616046313654,9.39878320973468,0
571.4188430524297,21.045690604535885,6,0,100.07471274356897,19.6146054764585,0
319.62284562582727,22.519674205430977,1,3,115.91466284307032,16.438511317465046,0
357.0435803356822,14.881155196520975,2,3,72.0137924925922,20.031825637824845,0
1117.715195332582,3.3593375777590224,8,8,357.11425853148194,167.44952534330628,1
288.9512616292263,27.130048567734683,1,2,135.83239693437585,14.98427678328263,0
604.6948793936174,18.032111349054688,0,0,81.85157332453178,14.72829747293177,0
416.03293904088974,20.27943886040804,3,0,85.64508458121914,1.0,0
475.7368817079327,17.72115461171147,1,1,60.96823623718964,17.179322873947825,0
349.86637083376365,22.928649978399314,3,1,71.44815140443097,17.5415872338487,0
442.4990914585652,24.586970328171628,1,1,72.45114329046999,6.984593002707419,0
581.8269787551574,14.93781312679781,0,2,98.92272483939136,17.13414767341752,0
438.79803213743037,20.34387128037512,2,2,90.2854114612361,21.462372477020004,0
712.4960762762612,18.952498398895333,1,3,73.09153594247915,24.601360126247567,0
583.5447637776102,14.359985293854328,0,1,94.14080131192733,20.80845014438097,0
721.8747313934414,17.0855177944758,0,1,56.47772565713791,19.713252286793416,0
453.4758128076819,13.544038872923563,1,0,116.33018253411817,8.184628099707695,0
181.88362299283858,15.868212018972283,3,0,90.99065006086424,21.03425955038948,0
597.5434542606752,19.16892955895374,6,1,97.05928206882524,19.931891450387305,0
553.3115973783248,12.662335428728635,0,0,56.49644470998589,25.507644999240902,0
656.6574568585195,18.84680412018039,1,2,86.88558587228559,14.985455230723218,0
473.87825561273354,20.79163456260861,3,0,94.06327208121152,23.133437628823266,0
683.9286695603093,22.088831496001436,1,1,74.75409707478056,19.080409628496387,0
634.3489893721492,16.615933500555396,1,2,102.30313100240525,12.59803219059141,0
269.747454164115,21.858493553241722,2,0,69.30340193134734,8.327608302615117,0
1529.7417694389035,3.24096585513221,18,14,305.81851449041665,145.2292010312711,1
422.41125389089683,16.756544369082263,3,2,76.20839448875519,7.41748997821745,0
548.205406651873,20.789051531759313,2,1,124.26171769363009,13.846055728754537,0
317.6756040855184,18.24430035162852,2,0,104.91318022857405,24.819835841605162,0
592.9560864115205,26.747883715934698,2,0,101.91679248486784,26.466461455513453,0
511.534493232918,14.729621584362881,0,2,89.75522329189786,22.70219737534311,0
710.2724532108348,24.405081808675565,2,1,101.44464364078682,24.08072689937424,0
682.7748892723589,19.998439758763208,2,1,58.70725208415989,30.38536126380437,0
649.5302230997155,18.56635205268882,5,1,104.46731904971229,24.110530073028205,0
522.0010406886022,17.279562221391924,2,2,96.32850055975531,13.145213773764702,0
304.6949074540205,17.395259256961094,3,0,59.72461845558915,15.913085945139093,0
559.0941516809779,14.240153341305906,1,1,85.22190440639159,11.5626114309371,0
461.35261805531894,19.193945795132567,2,1,41.52462191172016,14.532927503832516,0
379.69647624346294,13.507660091044814,0,2,88.07348041128377,13.468359105464236,0
451.85354337369967,11.440818838249202,2,0,64.52538292505659,22.122377823027975,0
578.0241413550393,15.818070547367157,2,2,84.97464293025006,2.1579724647139926,0
331.2006683782133,18.89790890969799,3,5,51.63310223782548,21.599020784842324,0
494.52967803734026,20.804597239706194,2,1,86.22057167112642,15.483508563482074,0
466.18584693673915,14.53789510063072,2,2,71.07959676798096,13.129966128730402,0
501.6715150295535,18.613351579973976,1,0,74.24846117998511,32.736129666806924,0
362.84356426032525,13.765193258408361,3,0,67.08008293660428,13.900647153839905,0
578.1669501566957,9.77300626521554,3,0,75.35316849574527,17.22094964676285,0
514.4354758054278,10.605442156129357,1,1,99.77646566900731,12.741210844137285,0
509.09654698324715,21.54054338344295,6,0,71.71125635789305,17.056401035345647,0
561.8057223567257,22.90882743495797,3,1,51.96780806563432,16.778608453680825,0
364.9413143241948,22.42022698180525,1,1,55.87775807042064,6.379221180603675,0
511.0112931842603,21.06758986365208,1,0,110.86598990482517,10.173577004127203,0
464.9967500248068,21.802073280721487,2,2,125.05365532817183,25.593794181092758,0
505.6878405579697,22.662954159365448,2,2,47.77031098889023,18.403880555160487,0
462.8544272823212,20.141535486038244,2,1,75.79698076647183,16.391852679515047,0
448.0930174616455,22.776526042852552,0,1,84.57309395655173,10.2896137011613,0
686.0600591376892,16.453954614750682,2,2,86.3670088730626,21.963308554947396,0
467.61500776479545,13.008072804058543,2,1,69.5107671215138,29.02464089515347,0
549.5337112323798,19.824805012331126,5,3,98.3206914677972,9.676845585418109,0
446.42796625393663,12.54516784892401,2,3,95.28096281372936,24.842816412980206,0
564.669205242159,14.743215531040855,1,1,49.54842869277091,19.39655128507222,0
446.53969743190737,14.28764707150976,1,0,76.67579572320822,26.13405392989847,0
662.7488034284987,18.989553917313238,1,2,64.32530266583862,10.219462335092132,0
656.8571305138914,17.813888817450792,0,2,38.2365509261346,16.7738538495473,0
317.217571425947,24.97841905394978,0,1,31.486307019275266,11.749406223092366,0
437.2567967416078,17.81481601475794,3,2,89.17326966499829,11.078838771061271,0
507.1062120817386,13.233356958706437,0,2,54.051557432616974,18.701795409316116,0
392.3294754217002,17.23765081809728,3,2,107.86639647923138,17.01351853270831,0
414.45850607874024,17.09760043204687,3,1,76.96058055886074,23.83546177762584,0
548.5978053153146,24.82070214986922,4,2,124.81789265888415,18.214726232494964,0
589.5504279232665,16.749767427005235,2,2,76.82116221517457,28.356690424629626,0
250.16847105395334,12.967287173601793,6,1,59.66206574146812,31.855004838510244,0
514.0792859970538,11.951794906543974,4,2,77.43446910845184,13.02767256849576,0
623.4986764790772,12.104801044200988,3,1,85.89636394200336,18.461563153995908,0
1347.9809072462067,4.1295832345778365,17,11,446.1603018836959,139.351836751811,1
288.43518135647196,20.862913906780793,2,1,90.34463901697525,17.342878115186483,0
479.94583036197747,24.328539204323505,1,1,84.29712841190585,16.705610967866665,0
577.7226245720831,11.74230287904778,3,1,88.26863521174263,10.368354438699745,0
203.4026599847253,25.710549762839378,4,0,75.73872111531965,6.436572717657491,0
537.3089078717605,14.659547731784755,1,1,52.28841946367504,10.867443307251465,0
522.9318881623884,23.002911590214893,2,0,71.96179929228725,12.38696476213343,0
396.75039616592574,10.908171335334842,2,0,74.92321492224639,23.069170686140147,0
443.47540332580127,18.409146792737825,0,1,100.81442037080812,25.054998282184393,0
1674.223029879718,3.9784147160135204,12,10,365.8943210119975,130.93144566427367,1
385.3351471279489,22.078686062696484,3,2,72.68525083581588,27.77443252738291,0
234.6637629190538,23.44374309852093,2,1,68.19879928916387,25.427606397112044,0
373.07468852529195,17.7614432192901,6,0,77.46866757017978,17.400743657503153,0
722.2733821410725,20.127287808924823,4,1,87.79987485272869,13.204188142500888,0
525.975030749837,24.960011431722997,3,0,71.50243007139765,17.155429400821472,0
1749.4100002871623,2.1447234831916293,14,8,504.35658918449604,115.24634108100487,1
525.6912492956245,17.249722064837368,4,1,57.495497640755886,19.837696086263275,0
418.7405946185466,22.78351158397292,3,2,64.45765151562432,6.128265941359187,0
682.763582768963,25.218823020366298,1,1,99.90894564113864,17.0042609995215,0
334.67967584514906,26.210075800681846,0,0,100.67935302433892,29.846308044740525,0
430.7874403318001,15.097382750976386,3,3,64.20741843162162,4.910681219585115,0
503.5707367394894,23.005230462835705,1,0,100.06808741758371,10.590022052204342,0
653.319787494611,26.362861934188516,2,1,61.70401205261755,20.74561472888196,0
491.06649010805995,16.14692833956947,1,1,72.66732880289092,18.444780353516357,0
358.008978480107,21.389629356696346,2,1,99.12461949534139,15.675406773280631,0
464.11911794409593,18.600156633591308,2,1,78.32108807389275,24.552717046378657,0
402.98076765281746,15.58406768850313,0,0,87.30885272328553,9.88265571922141,0
481.78578859573,26.388504070382204,3,0,99.06130293482204,9.6558156061177,0
677.3472853689819,19.996115613026397,0,1,146.7977921537277,16.856844314989452,0
1713.0669802765137,2.050200920080001,15,11,429.25969919249826,108.81711496282193,1
300.684687978081,26.553066862909624,3,2,78.13874913228675,26.446111938629464,0
665.8590789245033,18.799281959987002,3,1,99.57637275319273,20.786435223971036,0
486.25521856968584,11.165606507922895,2,1,62.494702203846806,25.79290618917575,0
751.0864730822552,16.41795775152599,1,1,60.537223711811535,20.125229898986035,0
590.1664548046147,20.223013341100703,2,0,47.16571222057001,26.731697043822642,0
572.9475811659847,23.162731021708286,6,2,44.31502280978154,14.184861902146391,0
515.9563608976251,16.459828579071292,3,1,93.02928283733989,16.106395826670624,0
471.90356516609836,23.586479157940637,4,2,37.23415098497641,20.874722097938605,0
382.59526668619617,17.879021968045418,3,0,64.35042064210256,28.293026121087763,0
473.48364805601324,22.639200640406187,0,1,101.69499445286604,16.195194363547774,0
531.3266326615867,10.118039215078753,4,1,71.473336971115,28.217583807098563,0
695.8893564717962,14.632546878780659,3,2,68.2103681745442,24.93670730924963,0
465.3609633295834,17.95440501677898,4,1,76.70595226546065,18.12578655053209,0
579.0253127207396,16.944348805861527,3,2,97.32844209629468,27.022160014362914,0
503.39820513565536,18.947908082993717,4,0,79.31419778893323,23.713553107900346,0
399.2333789383069,25.65375416171849,3,1,102.23929512172973,20.09786888885764,0
683.5460383352736,23.743186747143575,0,2,90.71111779080795,12.575584263909136,0
428.0728825467173,24.093809258486584,1,1,58.130594409408836,19.84272145208607,0
499.0432830420059,21.314406343337062,4,4,51.48117961801797,4.876902036070144,0
637.1387377418025,15.661493993440544,3,1,98.57485203437489,27.83999135711079,0
544.2407970647481,14.768863450780984,0,1,57.37134694939404,7.280615702292829,0
348.6939254797946,18.626122513239537,2,0,88.26132687771155,12.656555692994214,0
568.4718402311792,18.073440973645987,0,2,77.45764252613104,22.872457919539343,0
565.1072052303158,20.238542800086574,3,3,14.222845498604812,12.771506146394636,0
393.93710765586405,12.518624565523991,2,2,70.00303579234799,19.81393558559037,0
662.6765430565941,13.8655982298007,3,0,93.42169980439613,22.496559144351245,0
542.8535085814095,9.657079630612053,2,0,95.45020140421023,23.59728138239371,0
573.2702894340588,16.484101085828623,1,0,62.3687478690734,21.196198940889513,0
398.018675664225,15.336495801690443,1,1,65.23211123066254,14.896132287470161,0
581.7800836847149,20.505470849699226,1,3,92.70938951696486,20.854670102324278,0
602.2920001755468,13.158277725681824,2,0,94.39157793796784,18.709171982548764,0
475.025329957127,16.104361295062564,2,1,119.68866183574772,13.631406784737543,0
636.2678768216718,29.45471286295371,2,0,90.49825421575014,17.38223976088099,0
518.0362113754253,15.476125393858913,3,0,66.5156207203997,10.181938196469385,0
400.7322867737212,20.373491164399763,1,1,46.89339095098129,13.859893263223924,0
372.8943773733258,14.715528605143021,2,0,75.93634048740884,21.049115416842874,0
370.6706266484833,17.50830186602625,0,0,91.25992609069657,25.422020486211217,0
992.1550165138589,1.2860120973265414,10,11,288.6589258470237,127.18597986923805,1
316.93697948903133,16.706019686664487,4,2,40.39359150453943,17.932109364721743,0
495.2533815372014,22.87598814891215,1,0,97.26348003783136,27.85109794574212,0
729.1299968564157,26.51107472317619,2,2,77.08799253508586,37.06064081407012,0
486.5206340371004,14.782408848099285,2,1,64.9230054593823,18.209959670852232,0
486.9487821851771,24.951037745086566,2,0,88.02462144333684,18.67720739057333,0
436.3398622867367,25.64234213206266,4,1,85.5692689683831,21.40001088947798,0
439.75349307768664,19.400805794098034,0,1,69.19659738283035,27.21121086932282,0
627.0109384219505,14.97192230131568,0,1,117.92736792149995,18.752400028319933,0
592.092167498349,20.283766095768918,1,1,126.4005276495655,10.054268351490016,0
414.27782983683585,12.800470364372345,0,0,68.1418887135138,20.848347080996422,0
364.43517744108584,30.79099642834126,3,2,78.79557985500531,21.69100577784365,0
546.0878538727169,20.299860714695583,2,1,61.53508620104664,13.119014236711301,0
307.2264415690913,22.302367441798726,5,1,70.65215672681137,16.180112523231063,0
470.1243021825112,11.140494285343218,1,0,85.67446205842751,33.707448928521345,0
491.06798850799447,19.836436567006704,1,1,97.34126089470406,20.621088571162822,0
529.200733918723,16.522598409854197,0,1,52.5506933821488,26.351725713325877,0
617.0143680101302,14.070052697460252,2,1,56.29288168017838,15.991054699463009,0
528.2737469730279,27.422931529673043,1,1,85.54511264721158,13.104875926282457,0
552.8017340063999,17.867971215205365,3,1,89.08828743002827,27.7323322847252,0
379.0296426899115,21.154058422773886,0,1,76.0733584246563,12.529468757082396,0
624.5047933109479,14.988939698191096,2,0,79.42582151560705,17.36854977494515,0
576.6310950532849,21.611906789138857,1,1,126.09709239626333,22.060510258542877,0
450.16545033190386,9.157803172185742,1,1,76.9523460495133,22.456691075870825,0
710.5753018381238,24.5879876780398,2,1,91.73868660288105,10.485774787081134,0
438.3359699195968,24.00206953972213,2,1,54.30425341809721,16.603893988783614,0
560.4855818621413,21.594766553325336,4,0,60.34847890769036,21.894163084255446,0
414.1635548888038,13.057044464245413,4,2,126.83152739557096,5.9482219755113075,0
602.9191547842423,17.125201216522957,1,1,82.78417048624448,12.219398249385302,0
435.2288383628766,22.9915544907398,1,2,92.19298315764232,18.614005065224347,0
614.4802116191843,11.05213766618202,2,0,57.18211737482458,38.85338474660972,0
261.49173024789286,12.886037174007972,0,0,123.99950081992202,26.144681017384286,0
562.6329878740278,22.58163837351241,2,1,66.08273384207351,18.557498829257277,0
589.6752326147914,8.031321787142723,1,0,85.05004600634246,16.133708907043243,0
506.6869894746433,14.327042116009753,1,0,91.13396747318872,20.228610576602662,0
470.2977637338194,22.040288991405724,1,0,61.409178828385436,19.01954385350743,0
428.9127290913357,21.766708105522664,0,1,88.89814410524751,9.19386062113564,0
529.3959885330468,17.969645442300532,3,0,87.75791551749813,22.74497782388721,0
329.3295548482791,19.412899752441497,4,1,73.67970834526457,28.366204034573325,0
488.3944265755529,17.409657365044605,1,0,84.2736813316816,21.452188839671855,0
556.8310916762218,28.383739917804206,2,2,88.37026804666858,12.425378674373437,0
330.98464443637283,16.23416853594656,1,1,93.62690199755527,12.617408625742542,0
631.8532222384629,18.380026957062057,2,2,89.66359047589717,12.932642675920086,0
338.21774934731445,16.04120925478089,3,0,67.42105993504293,9.23877485274679,0
631.3029822165138,13.948737814928094,2,2,73.9856642376285,20.017761045085287,0
559.6056983613479,16.79381971071835,0,0,70.45357556995445,11.60344653891535,0
581.8343565553956,17.4438696932565,0,1,68.3875683891071,23.57763383139946,0
346.34847770044604,18.84230488134807,4,2,110.14205561310389,17.061543252545366,0
475.6345536748409,24.041831152965713,2,0,100.80030817956359,18.037592651852023,0
334.48169263825673,16.875720090959607,2,3,65.40322454917016,18.186003743830145,0
492.070424162322,26.634819256167027,0,3,116.59659437447239,27.354672624172316,0
537.3500185452243,12.483958171391585,1,2,56.34101832765825,27.394159256952733,0
445.99214342249076,15.117447996366403,0,1,68.31142532964705,16.044527072106725,0
490.7477948703075,21.19365111014592,6,2,55.86824053481273,16.252140792732444,0
762.8546750971974,15.531217084193438,3,3,51.02860578754134,25.25338425708477,0
641.5328144865545,22.747770677206617,2,0,66.84108572954767,14.50255217821262,0
747.2897509858385,17.135269700382885,5,1,82.28947462042258,21.064766363705008,0
640.1338473991768,13.909005582888465,0,2,70.50463083509052,23.796072843144305,0
653.4142235128759,22.595770868050007,4,0,65.7086413514165,9.464995299217561,0
511.64930592176484,26.419638457289345,0,2,39.61004271005181,22.792628613806215,0
432.3105643115926,17.927738645608603,3,2,117.90763665414269,20.161968541510074,0
397.14109323004607,20.109603771176424,3,0,97.55222425184901,26.390498262968244,0
382.2189618742459,17.073561705611457,1,3,79.15849396786913,11.970458629353162,0
577.8451865107571,12.86162429537021,1,0,96.85110615857538,29.56924792459958,0
422.5856294473851,20.120829732009582,3,1,62.87050887772196,5.562220368967827,0
440.83988784094004,16.982098199488192,2,0,65.49518149799454,12.665709308286452,0
508.2275569767233,16.253711478407855,2,0,73.1247688719733,7.453710195996244,0
400.52059868935135,19.654401161072286,2,3,69.60813070995385,22.004880023258732,0
577.4451139502177,25.355851637468042,1,2,92.96896091024001,16.502724579489772,0
638.9733048200081,29.596647699908473,2,1,79.3017530424507,10.763849396064415,0
531.1859353098108,21.663200386077897,2,0,90.84394589766681,16.61996833329111,0
616.5885141145227,9.932193010616295,4,0,91.05766553438605,1.0,0
540.6195688993297,18.70443123455602,5,1,40.424234679475006,14.028453360750255,0
685.9921286021047,20.150208235955347,5,1,98.90754472803458,15.040408017730954,0
492.4785083272194,12.7654450865903,2,1,68.0757342942453,20.46983550206834,0
615.6051355093186,18.752094525717883,3,0,91.2728073481564,16.832134620166673,0
427.9233572097434,10.080485882571384,1,1,108.58518669220253,22.61254748397579,0
616.7065339552075,21.076837420065267,2,0,64.19180116256517,9.435029701674924,0
350.51134655456144,18.627882267357712,1,0,81.42033117216619,6.069433041926141,0
614.050860582326,16.059115907293858,0,1,120.32100608104575,20.739363065912357,0
423.5135447232179,14.457966165447687,1,0,80.55043733400284,16.23565612755601,0
409.55166027710123,23.25327198003806,2,0,60.943936107093336,8.895087611720994,0
572.7211941614768,16.522992949304854,2,0,58.25849784224324,13.82377651564152,0
527.2951921524955,17.641993702929682,0,5,82.50955151122271,17.356730622090183,0
540.9382369779972,12.284975436347583,4,0,122.3168910457054,15.420850872437807,0
689.505537860887,19.71362673188852,1,1,108.59826820851399,19.63002428375203,0
412.91074242158413,27.694644995291423,2,1,52.02048324217394,18.24403690730416,0
869.4656970146285,16.89373188207114,0,2,110.81096451535916,26.23543306344522,0
687.7572386976808,28.71135179305932,3,0,77.34813234225244,19.253798079579273,0
463.0666118056399,17.32845629264726,2,0,105.95027274175257,19.669255982266563,0
523.586573181389,9.990170940514158,1,0,109.45597271941112,1.0,0
420.58562422779346,20.75026049512276,2,0,87.02066975965593,21.1037856544524,0
593.8187446132772,17.59641709945709,5,0,98.45039396682041,7.457378084578771,0
532.5894604634448,18.350260815565907,1,2,142.2227313526737,40.934795415791,0
757.2732907190391,13.051859317148313,2,1,33.72092064040223,9.26210643091838,0
777.759028000821,21.794642948933827,2,1,107.01327889843222,11.952938235230098,0
415.9855022072992,21.898302661346698,2,0,55.95003205824605,25.99766492614691,0
611.141305703797,19.544165062994818,0,2,58.13749464710918,17.54429622871287,0
372.52355435286745,16.391824743913087,1,1,59.86705498741904,7.413914058212031,0
1121.643660692856,2.020014610004303,8,10,405.61232779034776,73.84798299369939,1
574.6171954660635,13.322806489777022,2,1,74.6045042073994,31.870669869578684,0
585.6800592910511,22.820435841441785,4,0,35.76040588220167,21.871011703325564,0
520.5641937427964,7.791325657878547,1,1,95.97671766036925,21.39283545732886,0
539.1359626690542,17.064278674977256,5,1,91.28901644581313,16.909252610983284,0
530.9060468867317,20.71800077297216,2,0,73.50407164791032,27.886664697648907,0
599.6402979853094,12.15041582144856,2,4,90.31865172636525,34.98524572224894,0
399.29389721328334,22.475966100138663,2,1,80.64628680997743,19.104146453281768,0
574.7419918816998,5.0447885392754515,0,1,119.73885886038605,17.97545991268928,0
251.9069479952148,28.066936237633115,1,0,67.62307843363139,16.298453607445545,0
522.1803348433849,27.499409674476077,1,0,121.58659327054556,9.108377126807175,0
1550.0800514913371,3.8249299941271278,15,7,280.00356844509906,176.7473267265234,1
434.67407305697805,15.769082833926102,4,2,74.2888584060241,9.304746511900545,0
590.9009252056766,19.342961394316283,2,0,60.18812830318531,30.10502773006784,0
430.77297565722216,24.31292051713591,1,1,66.45899816149333,13.140762848802536,0
300.6175925277248,16.135834239541165,2,0,96.65090109006354,18.63910819741768,0
557.7211078084056,10.187270715567287,3,0,94.02939173127592,9.006426880477381,0
571.172150956206,12.688032359265602,3,1,77.64595347564426,8.279645898255112,0
432.9293783274094,15.18915986710849,2,1,94.8447892892971,9.249821270511656,0
549.5517745130749,12.483166969130632,4,3,106.98974050666163,25.740002030903053,0
453.790126350042,22.623168414563843,2,1,78.08667250647994,19.72766522726597,0
396.32110763842206,19.90579192441389,2,2,106.06000054597482,24.153968268276778,0
560.1100625149256,26.34952252175703,0,1,104.62767984550067,11.673011206333644,0
628.8358099831727,12.47147665757032,4,0,62.17527566310544,16.697946139955324,0
339.75867695478786,16.253416019409013,4,0,82.21462586664829,15.604974058135777,0
469.6918218328208,16.52525160853986,2,0,142.83405979913533,12.507272287006497,0
606.7556954748125,17.120570937838316,0,1,66.56693760443476,14.378573989425053,0
525.3220960643142,24.58557533669933,2,3,119.03132140105714,26.048007304586413,0
437.05756804642715,14.78225083841269,3,0,50.34252696708741,17.4328331428284,0
379.50310798975187,10.476398129844988,1,1,64.2288738792823,23.650827394349495,0
511.9198766515071,12.020584689824078,2,0,84.19494203158344,16.801905292747453,0
387.21442564071737,13.141929807446743,2,0,92.70939550067052,15.875614591002824,0
391.0371109374547,17.799210246778284,4,0,73.46796446514058,18.240672755805544,0
632.3962258419826,17.88565968850559,4,1,119.55104085241364,14.846757943813923,0
524.4156363040668,15.084612807155308,3,0,78.10826928530733,18.19899784598203,0
275.5049694768973,12.879065878353975,3,2,92.42808068846061,18.86829265440415,0
586.1050706955155,14.971425384983307,3,0,62.97933828232712,29.438987062198443,0
501.5110880938154,16.47387647822666,2,1,88.0668953520423,18.86430620155978,0
437.8075738071623,21.235979698513706,1,0,90.60411082100389,26.300804391195225,0
477.72092280034195,18.987998023461998,4,0,86.46116384299125,18.569442183427352,0
345.20469203107353,13.862048896756402,0,0,126.47557365606568,20.043160182814216,0
639.5796502585952,21.168884404660492,2,2,78.00296512443744,12.171301928867393,0
265.74946405729975,26.195584027220338,2,0,72.03399345311232,13.287703344758384,0
562.3215817089407,17.87486520627428,1,0,70.5239251129666,23.390157409914956,0
497.71805505167737,20.682549217852017,1,1,73.94208132612575,29.185341021374857,0
487.1563568054531,10.89094666629078,2,0,104.00514387737086,25.82866897477406,0
508.37625019880227,22.819395583974547,2,0,104.42843729632412,17.667517881815957,0
529.0354725879241,18.98260584850735,5,1,63.31512492776582,16.067922567984635,0
371.49290023266656,26.068556345293235,3,0,66.86384547946281,6.652942007965628,0
511.7211318258598,14.952438989203584,2,1,96.77270919592546,12.721702558327168,0
436.29574724956154,19.166080656317508,2,1,94.59993988670075,7.4159558155689655,0
515.5065418370273,16.593362214408934,2,1,98.30044938887947,32.41942535890132,0
306.4740954572418,17.687034360502388,2,2,116.4431095980543,30.781980482187326,0
539.2312848516996,16.86757950575084,0,0,95.10422048171381,26.305227261312268,0
1015.0647632941203,3.004189511177673,17,13,517.5343648594466,119.27846161721894,1
367.2168909509995,14.004039966748731,3,2,78.11357596460006,19.50919778594107,0
404.37256934354275,28.030464440795615,2,4,27.313512656435968,16.327477249800154,0
575.9338239327542,19.615838570923906,3,0,100.17888639517341,19.41106079939715,0
448.7742716063096,18.30839924923986,1,0,100.55973356616138,11.469958217444848,0
501.56022702534887,19.513177326195166,1,1,83.81265097537191,7.330971650677894,0
512.7716273230276,33.965537839224304,1,2,103.59480449622315,19.18471783373275,0
455.427096080505,14.65927957230503,4,2,64.31057285964926,16.03351363054558,0
529.7864703560404,10.026484663666022,2,2,63.05120846930082,30.177881849840468,0
412.2883952069697,14.749987095882702,2,0,98.08256004342185,24.25514428442023,0
719.7750519025225,23.953231373931708,4,2,97.06956083335967,8.351378693755183,0
401.5181217977947,20.47840943986302,3,1,90.82013724927629,20.98232541071497,0
711.8545088337316,19.119570670323306,5,1,95.11723819681187,29.853279450182676,0
378.5474749687799,20.144082501652864,4,1,111.03185996007986,16.683279871184638,0
721.604879088324,19.80751762603051,0,2,83.81463954799318,15.390804291799174,0
630.9808222306954,23.742228545983775,1,1,73.47476141943454,3.960966789561814,0
407.91829245343405,8.122667168230643,3,2,87.18681152681818,15.323606413170427,0
315.90629951172536,18.597901842070765,2,3,86.10085114562087,18.366540280422836,0
185.63058750923068,26.637715850503557,2,1,77.41796503302506,11.898784612898899,0
795.5890534982343,9.301431106109503,2,3,92.28217088485337,13.087746905084497,0
446.6848087908666,21.830401391923452,3,1,132.83839864239036,18.990724925047896,0
1030.0637015162552,1.4228982417245395,11,11,285.8226085320009,143.61546167572095,1
392.19023943819707,18.802869905249324,2,0,115.76660878105105,10.11720216954882,0
480.6457146000789,15.2484742307729,3,1,53.83854528292973,25.238769933525205,0
476.9166842262653,16.18779529298434,2,2,41.310145298963825,5.979676066477349,0
513.880956115143,13.33366020463402,3,0,71.8557658357782,27.382844940799526,0
283.41414792025773,21.241402169219295,2,1,105.45025587392033,15.355015778505742,0
375.77092130967515,25.506668259777435,2,1,110.43048295307878,8.420359000923485,0
561.7326600870499,18.91679959889578,0,0,110.60664607743456,18.972599667928108,0
415.7536287347177,23.39340416715648,1,1,66.94622812355854,23.11198673514875,0
433.3760567968162,22.824258165487286,2,0,93.94504310984502,3.6555596077331067,0
561.5920919736027,23.235491513060772,4,0,84.47032743422342,15.245175760887687,0
400.9403363848986,8.818973134483517,1,1,46.847763860864006,16.24834684040048,0
1563.5049095248442,4.2690370759500915,10,9,205.9844793025203,95.2847652047999,1
376.81816407067276,16.925394848556323,2,2,77.24476434586956,22.123169189480016,0
236.1432852055902,15.037678704235528,5,3,50.996479747623525,14.37845907600437,0
725.215497506968,19.83682753408089,3,0,103.22054617999855,3.8542769078983685,0
540.0394526344338,15.714518717068641,0,1,92.1641326774075,24.044999513950685,0
493.32983949074537,14.263941604260882,4,0,64.57874003586288,10.391173224445758,0
452.9470216241411,17.136863500295902,1,1,51.87238945717949,18.283951836667523,0
444.1124295715692,24.645762650662157,2,1,75.66508378849908,15.539241866259767,0
294.42385650909466,5.230394325490225,1,1,100.23344372590003,24.96703279665422,0
354.67805602850524,16.001819071926988,4,1,60.75886696546876,18.490619326459967,0
463.86755652928537,14.590078760011007,4,1,73.95912769673868,6.879183087356871,0
486.12220611341115,16.764113087397014,1,0,132.0354367794411,15.157362097759053,0
575.4014611117136,16.454417678987493,5,0,96.18674649055345,18.137037334631202,0
727.6151579184736,17.711906014832074,2,1,120.41411301467599,12.237528239681378,0
477.159358629967,20.931820093775467,1,1,119.222145833541,11.124087225652925,0
437.8866441156594,12.54800461278577,3,1,82.20402161978501,22.93403083737033,0
382.5483541061231,19.50895949909733,4,1,77.27391003044187,23.311606537830382,0
559.1981481057067,21.362868506013655,2,0,72.42204091915247,28.15060929523026,0
330.1555109539503,14.872186492452354,3,3,73.26942013814728,17.471430192032347,0
384.20918473038745,14.654636306700418,3,0,99.06626122915183,24.861840669051787,0
468.2411800114453,17.679308267035037,1,2,47.62393883435059,15.044530520675401,0
343.46365993941765,16.173392243439455,3,2,65.92221823173375,15.280387843504812,0
686.1382370627027,17.86347730245034,0,3,59.06332305664054,28.21315643804322,0
478.7663327007141,17.343715164538477,2,0,62.96451274120452,27.55866086284332,0
441.26726689781333,22.765683169566223,2,1,113.36805092073165,18.157590820784094,0
586.6006476851883,20.423664086472375,3,1,73.00672691282003,29.806172952155315,0
674.424089258878,14.228620749903211,3,0,111.18273283926555,22.999655378857497,0
443.6989217474354,10.575510157750482,2,0,84.21453386096849,17.57139437358616,0
526.2980393196726,22.05404136579891,2,2,27.94112992800693,30.49417679322646,0
346.7901709015629,23.809391513040953,6,0,90.96542209201976,21.780169378924704,0
1392.8507857285285,3.7814170029274785,14,10,553.8287948233051,174.85285152000617,1
353.34466293296657,16.326123339467294,3,1,116.4719927846517,17.937235719653824,0
436.90939739830867,25.45363068424976,1,2,92.80307880026906,29.96445008047074,0
1568.5393514263792,4.48881811599558,15,6,570.1058566627858,73.57269078020639,1
337.79784732603997,20.445935650738317,3,1,64.66951275634796,12.271637616646228,0
415.0796641257463,14.68549541224526,0,1,67.05490145003768,16.746588567641975,0
620.7551371057328,10.371718427149526,3,1,52.89565968608113,12.993260368276864,0
482.35311421974336,11.34383523221111,3,1,73.41292334324683,26.053409350233462,0
432.5254964910833,25.200586077247365,5,1,95.17315608559682,18.945372160685586,0
379.27791422003577,24.065488499895917,0,0,91.13901500225052,14.526057268372107,0
396.9970663782544,17.33683126808713,1,1,95.34674589367282,11.865243795676689,0
582.3512228449416,18.52100551975938,1,0,108.80704057912823,20.053404793490603,0
826.4202999907543,19.6438120515174,3,2,93.30950303012499,22.945393324070196,0
1488.3288236145713,3.0777951455649504,10,10,284.4632149727708,89.39442100391473,1
508.10338456255084,22.203217744943622,6,2,80.77862660229611,22.17950792707951,0
497.7784236809132,18.140905786845643,1,2,84.12941066990668,22.83647704491006,0
469.4027339094974,19.49376454182843,0,2,76.35912371510452,15.725736297518425,0
318.1107062003322,18.733965059927748,5,1,49.03172157284371,20.51897775328497,0
401.3335525320282,19.942893022654822,6,2,61.449627681867184,27.04437542558986,0
255.29213866878794,15.560442959271487,1,0,89.55982327418121,20.226477140028734,0
481.31873175295044,15.244071418357333,3,1,104.29203514607387,20.118393420708703,0
407.8642921875046,21.80027981844801,3,1,110.84858748674165,18.232515941092032,0
626.4562462441884,11.38455103296251,3,1,120.3500479153068,26.313487975512345,0
296.9042444342217,19.002845986154714,2,0,72.67269141635319,14.209978484480175,0
460.6805424082678,17.807457652496463,2,0,91.78355158270969,19.687001773780718,0
547.3342570853956,18.442034431459238,3,0,105.39553054376576,3.7572282911372934,0
543.3963230057161,16.3982634590284,2,0,57.63851782936022,12.893058889836688,0
725.842939577004,19.467789660833148,4,2,70.5422959784767,23.66063935848101,0
755.964004958752,13.981627160151346,1,1,87.6865620053575,18.17479883659699,0
519.9742649855667,19.065983141188447,4,1,95.02342528977337,22.16168288877573,0
680.2828462515233,21.710476860046533,0,2,88.6021093493083,17.6078972971643,0
527.8704436593205,17.302051859224132,1,2,50.88728099675226,17.91848115816093,0
598.6283005250268,20.18161834837016,1,0,99.32091498080989,13.885638665201883,0
523.5014306117218,20.018650451683047,2,1,114.64598972305824,22.915934992861047,0
543.9917895316217,11.264368552351517,1,0,69.76248742056482,25.025834977784015,0
398.3847538317914,20.98700034924929,2,2,106.64707746324618,26.177178810178685,0
327.6965418584673,19.549103551135136,2,0,99.15429765732257,9.638237450746235,0
256.98288960108715,13.087563032308452,2,3,69.30247507284747,18.083557461269717,0
370.21423956627257,26.036727880099964,2,0,97.8255803882115,21.744794706546386,0
359.75863548565616,23.804133936892597,5,1,59.50961785385261,19.364507016676846,0
488.0988963464741,17.451950980370846,1,0,97.01876761423453,22.46104018509793,0
471.3262343760308,16.954883713569874,3,0,107.46106395052927,25.6757995718265,0
674.4061372541241,11.399887443896471,1,1,97.06962020603073,23.476609392045145,0
442.681106388186,26.86125798334872,3,1,72.19362481641168,15.015712295922176,0
381.13564098431743,10.217090506701245,0,0,122.02108353699532,23.771162601592394,0
495.8345876353708,11.526592621395471,1,1,101.98285211864382,14.710121986689941,0
664.0249120933429,13.803951663304968,0,2,82.08125127773397,12.48246626698578,0
573.9122728333116,20.26185898124867,1,2,82.03612917234969,24.040133217298184,0
462.89451489785426,21.175859008409848,1,0,92.68557669971902,20.163048529420436,0
715.5053207714626,22.48419657932766,1,0,108.90905423505961,15.940035712070552,0
529.9260420452906,21.967443602761065,1,0,78.82645180650434,6.640761162742397,0
407.238825937344,17.06514348507277,0,1,99.56690426139086,31.608753924678464,0
447.1946615963619,13.823264733701214,1,1,112.14922731366599,13.330709669479191,0
444.7233474848255,26.988432634247612,0,2,110.60430545434923,14.869475296898008,0
474.38634179457836,19.608489030980067,5,1,118.1788060686313,8.67867318651995,0
546.2380855674604,18.077895237907338,1,0,89.35159072685924,5.671301949543496,0
1297.9405243015306,2.8212736402477137,18,8,470.32465429709316,128.87538210019557,1
495.83781351358624,18.412198764672517,3,1,96.80009522208942,33.459616760064215,0
530.7235681176651,15.676913513508035,3,0,71.96385243852582,30.48289567277086,0
377.0734830398852,22.474621884722207,1,0,74.27836409758294,17.681487012337993,0
489.3055952584654,18.682676655413687,0,1,106.27547967571154,24.047101616864047,0
406.661997489095,23.400240328573243,2,2,53.32784131159605,22.952796456539183,0
497.49180872430225,24.13834496236646,0,1,82.82624566826695,14.302501896051524,0
529.2424653790295,30.464997587163953,2,1,89.52526633137616,9.007522832285787,0
1265.9110271149418,1.0740983069838235,16,9,506.4103598077186,136.36472468515086,1
535.6381607879823,19.732442379489964,0,2,90.19915987287382,29.203465460677403,0
570.4228512560325,22.9813340972357,2,0,78.40992398727748,17.72040520491295,0
600.0706585458685,12.73158790426823,1,2,81.94999859699377,19.480953832359734,0
538.8900763273754,24.99677718293001,4,0,87.57257381308854,14.502704847440873,0
480.8073764043887,14.221274202535776,1,2,79.17021157493296,9.23875340119381,0
545.2654250077425,16.95389063127736,2,0,65.09830064224315,20.602034670830303,0
307.1020118526527,21.6381477181849,2,0,59.17920850300158,20.88865516227275,0
466.99379634180275,20.691480395248163,3,0,28.35363363061493,7.127017232311141,0
648.5379574368154,16.87617299053658,2,1,63.129354270806544,24.574112392009273,0
438.65411882825777,17.821792588512583,0,0,71.40344580077553,22.526681226083316,0
511.6395157991262,23.456550602971344,0,0,94.9720963697446,15.134041988784276,0
330.523555839765,10.84612448940976,1,0,70.24082887349968,17.182652015528966,0
392.64712373365956,24.57457226792024,3,0,88.82576520272505,18.484889168231128,0
551.5541862959103,17.477753907312643,0,0,43.57640234839067,13.662545032584749,0
650.6907350688225,26.061391289943227,2,1,67.9462996753432,22.43125708375368,0
482.9144617974448,19.959020027012734,0,0,111.04681489707522,12.12215837747127,0
453.85333469242096,9.19595594009612,3,1,96.2130503915755,5.5875481454766724,0
405.1430653465626,21.971323398109135,2,2,69.92216942890617,29.475127183583673,0
340.6176741321883,16.89517913085168,3,1,73.18343778185047,19.618804230288585,0
599.2619898843228,12.26827303490656,6,0,77.97455925778709,8.647979752955505,0
459.8598516990862,20.202373689801995,1,1,89.18923939460393,24.669317824359332,0
449.57758194849714,15.8534888774137,3,3,96.36368006680796,19.114239811458066,0
680.4791586299226,14.241044749524079,2,1,121.15180644384614,17.534069160188803,0
386.07213334016683,20.049093284642563,2,0,75.18858330228268,24.038934453930118,0
433.7332346862835,10.094046489839332,3,1,74.42154995229379,14.22421328926219,0
535.1686967958417,23.540914083687582,2,0,82.16758033978945,19.680801484053035,0
570.5980647781491,15.232058791460027,1,1,74.44629611166081,18.11284628222458,0
604.3527104126792,13.610087066217194,3,1,64.2073211435044,31.860526634108133,0
457.81838191504295,27.27046283167094,3,3,94.90759630656974,31.278224093155494,0
503.1309260253,11.270101598766257,3,1,95.9625265745458,17.87908733366279,0
537.7096799114329,27.00470216455408,4,1,62.583757862220466,6.831029276444408,0
432.04427244766737,15.859424195170437,2,0,79.76598012368326,18.57890002546999,0
401.8135180119833,12.538436176637106,0,2,103.77447232476318,23.00171483736518,0
441.89191125604987,18.202958456019413,1,0,52.69936255744241,9.253108680823638,0
497.10498954679963,26.123392292347802,4,2,107.46078595262931,9.531314620594618,0
1623.782616568003,1.7956672549488988,8,9,594.4111712785718,103.72918391944839,1
446.4182057519575,16.51218248320004,2,1,60.22707745771849,6.5183489333557105,0
536.1856810800335,12.40165052686928,1,1,90.47057542283528,6.944440104458989,0
513.1273753525871,18.33495358612436,4,1,113.6072559823671,10.15406992504101,0
407.14529610757126,22.567923131166246,2,4,101.21155840660009,8.356965339547333,0
575.0800817318008,19.606786077251364,4,0,67.19245883479844,25.827281120054955,0
432.77827517636365,22.167644808044624,1,2,91.52088752731719,22.171519429274163,0
584.037185529079,13.127353476646793,3,2,75.00773352757045,22.762398045904277,0
434.60970958292603,7.390725504957027,3,1,84.95574661058876,17.706839615244515,0
589.1916912827257,13.387949077507487,2,2,90.93102642862611,11.155552523288042,0
585.5598116206866,15.981757683790017,5,0,73.4844449015192,11.367996684575267,0
917.2556196749084,2.149321332910598,10,11,575.1547904379534,179.46197383083899,1
382.6933706241739,19.973357649114906,2,1,98.38832382373771,27.772149557670375,0
1596.542515941305,3.2507550231629176,10,14,400.852656367813,147.5639552936065,1
413.61869499263497,16.594498535570224,4,1,102.0315264049237,19.290915985988843,0
759.5905667966553,19.301609193856102,2,1,74.93512689396638,8.447459282914336,0
556.8599505094145,12.73292218413172,1,1,96.96796015240838,35.31286257933968,0
433.34274570076946,17.696695930926897,1,0,106.56861488397422,21.762619888811997,0
402.1027658041474,23.9351515278019,2,0,62.8874899657112,24.950699913170748,0
378.46026555986913,14.61803848970365,1,0,86.13160378610908,15.799096516432575,0
493.97142686610357,11.878508818553172,2,1,82.10318246528401,4.478632159761874,0
541.2341947482154,15.144105051086015,1,2,48.933654926225614,18.745744769376465,0
1565.0928568406193,2.286649885578988,17,10,385.9399214816209,154.99680866196758,1
346.36347215949263,20.7314212400185,2,2,107.52695064869955,19.458676187637348,0
590.6469470990908,20.94289202210305,2,0,84.67365575307954,11.579581239078546,0
946.2009341913098,3.9664120789488346,17,13,297.0859947194333,148.65660600944238,1
484.649889022308,19.537033489045506,2,1,75.2201542084305,27.034938607184912,0
351.4621401407781,30.898546688271594,4,3,76.46587264538422,4.6436644160129426,0
456.3665345343373,22.203100132522763,2,0,71.63462000311769,32.604627922859464,0
526.8545541966678,25.05466189873135,3,2,87.43158001078764,20.43999521006551,0
630.6740716360839,16.59662461566613,1,2,74.33136506765018,21.230626324646792,0
361.88077070932366,15.738468403754617,1,2,61.37426386654348,22.360525888683746,0
1203.513975752258,2.3211767018725364,12,11,278.961493492217,178.36586059546707,1
334.38782501421304,25.807555983634263,2,0,70.47281384045705,14.449491166761185,0
955.3551628127747,2.5586296891524616,18,6,307.79602005334533,154.76083365513068,1
582.8172790053335,18.051763099216902,0,1,72.68087612973162,14.991568516928854,0
581.5517298721611,12.482053413921145,6,2,84.29219843652349,23.588705304710043,0
264.8395851344269,22.386811452878355,2,1,84.49305450499152,17.156442622638725,0
1062.5894118820534,4.7454102312999416,11,12,272.16952883254817,102.36057011662035,1
758.3818949013868,18.3223720740506,4,1,77.90462957682472,15.964297711046889,0
430.9018111226384,20.53917878144812,1,2,85.43458981979445,29.260997181342262,0
1220.059799331809,2.7511090875582758,11,14,335.5204679708452,150.15277403252952,1
425.22313682902825,27.50595342876504,6,1,92.43472056024095,12.251882042632644,0
313.20449917713154,19.692419217308455,1,2,79.87194888935407,21.468490683981265,0
580.9783390599924,18.575130395737087,2,1,50.1926434877103,26.1785524306381,0
520.7817111021418,17.13464087858065,1,2,81.82697633061976,3.4826579651984773,0
670.4605097587826,8.984301618720275,3,0,94.67557668005556,14.73411521821156,0
426.46535714187365,16.657346760470837,2,0,53.92213991104914,13.175571670404764,0
567.5563084028685,31.008415570901974,2,2,66.22091704062264,22.33764182713697,0
1359.1916248303098,2.934372192417316,10,10,368.550776485542,83.80921214322753,1
338.66593867588676,10.968412681640832,2,0,111.10804852530333,19.40786421091068,0
637.2504851848315,12.401912833554944,2,0,106.86245951763914,14.881136675416512,0
1611.9036666588665,1.0865079698471751,19,7,270.2505862272009,141.42204833812974,1
639.0314694808885,22.35033865344377,3,1,49.71103655538883,23.030568397790226,0
577.458101736929,19.443468146399287,1,0,77.6963476741253,17.061122346683902,0
418.3970334105811,28.441873523903638,3,1,116.16367261525374,17.98385948840422,0
438.0746326139151,21.38937659765454,3,2,100.08124254462247,16.342676093737214,0
1784.4194156321932,2.2217769061939268,14,12,458.13824930024316,104.118965527093,1
815.8858477804869,16.793711726907286,3,1,82.0019777068324,3.5589173194942916,0
496.81833494609396,3.7572868968496227,2,1,97.02515924087271,7.076512894879501,0
507.7136022914555,9.535215929023073,1,0,35.04305760865439,6.604715073925638,0
585.3151961844189,28.312624596215727,2,0,97.48575913297684,25.62850909942917,0
403.72672769340573,19.303368829119535,1,2,124.48793488960058,24.884373268816333,0
710.6409010931845,26.558542400711715,1,1,100.44629168881411,20.278820707254503,0
508.1022177692131,13.575986429865495,4,0,83.11163475727905,32.59787435464504,0
389.2120104666915,19.753150496367795,2,1,80.67791257633361,8.93854651599392,0
444.8766920551707,20.568000532848583,0,1,91.87735626295874,4.131294656123536,0
521.3241201119905,16.88267008814074,1,1,98.14402202592107,23.920958291283025,0
458.87748871035814,22.59614467287602,3,1,51.916471195446825,21.362345328674337,0
590.2319639224129,19.73251940865358,3,1,86.02770821248643,21.389545420427893,0
573.4011546609041,14.765316111472131,1,2,87.87360890035463,26.99213503079597,0
541.573785139637,3.518723109031553,4,1,68.58279959674192,21.125144391717114,0
505.63767125176906,21.795775801513233,4,1,87.8261024820962,14.507342133918574,0
371.5898280408617,16.14994485058936,2,1,99.10346643819436,7.3206745019122526,0
561.6543141094651,29.262179026721544,0,1,64.68743490563509,15.171919985556414,0
523.7701712921425,19.615396365580146,2,2,59.3474113614612,23.281329898394898,0
545.889169542086,21.356700382252328,4,1,108.34418167294317,20.855979890748344,0
807.2101445922553,7.136652269929819,3,1,104.13245623470982,9.052161595196974,0
443.66307368780576,20.84883640116102,1,1,110.68082013672573,12.22860286042542,0
442.55016540038275,22.764372736014693,1,0,80.43813536005932,6.061138863702762,0
525.0636314005707,25.51699150883575,1,1,81.75435105665171,21.265120605878643,0
381.7128744397347,23.928520773314986,1,0,94.24524928908409,6.591867843276631,0
635.187803545731,24.874382095740923,1,0,75.54294414043908,15.081803039632401,0
623.8958312661376,20.71649014518194,1,2,97.15131254242753,22.348781177686348,0
573.2444318520157,19.87028284923786,2,1,121.1813349728882,11.140939430117973,0
522.4120117372494,12.998343376972127,0,0,96.44770464615806,15.113573146036149,0
701.172477473034,20.91048851734308,2,1,76.90890164883209,22.809074966137377,0
661.4504055385974,11.217090976882975,1,1,78.01409063589557,16.640741839159947,0
548.9903306857366,13.48149069634936,4,0,81.95404043011706,15.45274347343754,0
560.8728837328757,8.590754772511804,1,1,89.40735097676007,17.381200582441483,0
111.04791919171129,14.407963672154013,2,2,81.84315957919834,4.11202321797132,0
578.5238787624869,17.89316352825782,2,3,98.30543012580189,5.608290768171596,0
536.8759425051932,14.15013384470679,2,1,102.9041047003725,17.95273316391402,0
539.877681437551,23.982857508322457,2,0,89.50516906990197,22.14968564384001,0
530.0591420415052,22.99005054929826,0,1,86.06424394207079,24.357554886171652,0
491.58011462496233,22.75153795986788,0,1,78.46642868182026,15.934808535200899,0
459.7058360851846,12.639304940071966,1,1,98.81261139513519,17.923590232485857,0
633.044429669949,16.959415713637302,1,1,95.32529832559997,1.0,0
510.390774496748,21.89180538083319,2,1,88.86016380664094,1.9424089060743484,0
570.0713822391157,12.281368963396691,1,0,25.21213957673573,21.44336312199068,0
702.4569962087078,20.454874758191256,1,0,55.35171717882255,13.822195683190008,0
341.54520642988683,8.008996577339461,1,0,90.19766469838595,17.404689626733838,0
351.5659146946302,18.393175951580453,1,2,69.37982112903632,25.494056273047946,0
536.9362122670472,16.80533950415153,1,0,48.3287157202582,28.260020691928418,0
725.7388483328708,26.07791411774116,2,1,84.84037591296591,15.324234266996875,0
621.7244078021756,16.705475131479613,5,3,112.14649323852885,18.62849475093392,0
482.6767505691269,16.738232489368563,0,0,99.34158073992327,17.711294053526625,0
413.7866934497077,19.336961570359513,3,2,83.49173638187601,25.069688476949565,0
525.6775892881067,28.82501172450542,3,1,121.33212327110945,25.687372827703875,0
354.2973664654721,18.708584568199523,3,0,60.26002197275875,29.9991505019089,0
556.7885149488254,23.947352444623203,1,2,69.22301500517398,33.74606308937403,0
331.7778724649263,11.585038879057151,2,2,37.18435691349525,23.176816450371575,0
642.6819837329062,10.431428036935865,3,1,86.36245700281303,15.34144030535631,0
286.5535701314866,25.46344284479761,1,3,66.63593254298013,30.177656763793156,0
522.1560630238765,18.259729429036497,4,3,91.57139699354639,20.013883249082024,0
1099.0109366001134,2.5418817387989416,19,13,588.3416791470801,90.22240348148507,1
518.4470127134633,10.799745587028529,1,0,66.46011226650874,14.60732918886592,0
679.525317378702,16.644381994787157,3,0,97.81921598406191,18.59698848113268,0
453.76236837658877,29.052615007956756,3,1,98.5303310956198,19.47172354001605,0
601.9522516425229,12.926216346535666,3,0,73.11300294520791,21.79010869572816,0
308.66868094467594,12.149434869703203,4,0,78.17380307580304,10.500841706303179,0
668.3353173123319,18.384109455301278,7,0,141.3197180744546,20.033973099120605,0
557.8966898291823,20.2676715075699,2,3,116.44612512371555,13.115194982222715,0
629.9661491810332,14.805191261552489,1,1,94.76190762758364,5.257213663497151,0
295.59410727738145,18.160020745328833,1,1,78.10445109282207,25.323800494060205,0
443.0065626606853,17.901811005366593,1,1,77.02986164234973,12.48702491191733,0
410.1816156132136,17.20735213486515,3,0,116.58178912142415,27.93242650338879,0
326.2383319500507,11.82825564060039,3,1,104.38081103270699,17.76906788020925,0
415.6188289848935,17.547333588479198,0,0,69.36306251953319,10.228678412933036,0
336.8172630824097,24.962326500321645,4,0,92.4897115518257,24.46705511174922,0
528.1057679043824,10.712242502675348,4,1,135.80782195362866,27.142430232899084,0
456.88494910555283,18.542798528882617,0,1,63.20312829959049,10.488613392632514,0
439.5829215060561,22.251108710567465,2,0,93.86476196170426,24.438239352932985,0
508.7981560626085,16.164860804583387,2,1,63.403876646136744,13.136529676853842,0
500.629243966182,20.70731364102394,1,1,98.25125099759839,16.014932145009247,0
567.1748537517248,21.99970950971025,1,1,73.7177039877681,19.49492839782472,0
584.9302322546571,20.565528990880413,1,1,103.05320578764972,12.500098453851601,0
556.7116978895651,23.93839694230782,2,0,95.66547205567187,7.30876708807553,0
689.2943935716169,9.257340133809096,0,0,115.89969590764733,11.317830454977482,0
509.8248967263587,22.26707779390154,3,0,56.056528125178644,10.114688126774098,0
700.2825830347272,3.393247582526964,1,2,63.25519322510669,17.46568439971462,0
533.4825830924407,9.687540059821629,4,1,110.33694481134249,19.075193946779166,0
382.8952096427201,21.17360734280885,2,1,38.47276880521605,27.27137838088749,0
526.6560525960456,17.31275742686154,3,0,113.14476273535527,16.068591706946762,0
523.2907991477969,15.945928560227076,1,2,116.01261186515336,17.311645604652508,0
691.1823951967276,20.332149912167633,3,1,67.58891288707693,26.83376981197455,0
496.02476325514436,18.84327335983364,4,2,70.69558096401224,14.21332267564187,0
430.9234608514671,23.53540334643486,0,0,83.72746325105275,19.89285693945634,0
541.0107170932591,14.9329866822953,3,1,104.9178683117849,22.576832561436653,0
1257.199180402427,1.5286471101000947,9,13,415.0092400812194,117.08448938268674,1
400.2859860306755,21.36590675634979,2,0,82.96728304541895,25.61217485485916,0
328.3830346447241,19.39497081111901,3,2,111.44334292442252,15.885782840520658,0
627.8576450078422,20.75742688020234,2,0,98.18616239022654,14.543906897592455,0
496.07663022870884,14.61142315123947,2,0,92.09747605872093,19.700694464919458,0
375.53046148082524,15.356916591251217,2,0,77.72773408196764,31.980963515992542,0
507.2276251929232,23.743828501860516,2,3,56.78400612745888,19.78020938587597,0
639.1195764037097,25.061102777077146,0,0,108.65188718139778,31.24408238992787,0
505.46862078845766,22.591583030011563,1,1,81.3253345046639,15.898146974568183,0
741.224544651962,13.06410236424408,2,0,93.50266493427443,10.225888489169698,0
350.64143560262994,13.984105246598276,3,0,103.01415438083991,29.90094437279956,0
251.19317211102208,10.808610108413166,3,2,97.47791886153153,34.98334970278147,0
615.1124991302248,20.43250821913101,4,2,126.06280367482415,31.682978380829017,0
1053.8504042108273,1.9971814000184454,12,7,507.3599715795119,61.79399653250867,1
365.2733574125242,17.199336022166797,2,0,81.05264785981021,20.805762146146996,0
421.807958287302,10.147496981884114,4,2,63.04022865160405,8.891231629255316,0
629.6936870665546,9.91844695781706,1,2,77.59134797179121,16.576784263191897,0
366.73089854410057,15.763390521706244,2,2,126.81059803943225,16.19197935679417,0
462.76798920878525,13.480461792676051,4,1,120.24255326158182,31.33516158474793,0
472.28785637495866,18.10396853837704,5,0,93.05889147007207,21.057127888953847,0
585.3937853706668,17.923450754135022,1,2,76.11133414154166,16.87675513728069,0
644.7810759810028,22.847286002633684,3,2,105.85083184185018,11.905652838118808,0
703.5747641948046,23.699392805645225,1,0,93.7733592511652,18.51239039713948,0
538.7262272405708,23.42947782915789,2,3,70.94684509766698,18.027728966472115,0
553.2583313775474,10.986973641001534,0,0,73.66736150761116,18.623705366927137,0
562.1190824562948,18.63189789773206,2,1,89.55534002809743,29.71757858071338,0
484.9055695880422,23.823696772285857,5,1,83.07306737011415,17.1921346326015,0
481.03905217052124,12.920890905108015,3,0,87.5212465600681,11.021651277687269,0
690.3220179374423,17.558589758243727,0,1,60.2667406662987,6.794839908388205,0
604.6784764064814,13.303323030906228,3,3,110.91654143545384,18.828178036816688,0
408.90408061355623,18.743337286010558,1,0,108.67840967702746,31.573228905585857,0
443.368176105268,14.23017705566662,0,1,105.44896545711849,14.60531901241216,0
1242.1351277619028,2.5457734037232695,13,7,596.6692211326713,135.02538406290182,1
623.8213447362361,16.769687559350256,2,0,94.45114798767645,21.595445237056065,0
318.17707253617374,16.175236352285573,4,1,42.21771751138298,17.075973030020094,0
331.1043470748134,16.548627279056742,3,0,82.31237863639875,16.30633932739552,0
441.54495394823647,9.196186204220911,0,1,115.54858773760363,16.43337864264326,0
344.59054735236606,18.430719415231874,3,0,69.27391893723342,27.643252130220137,0
1084.8313662209869,3.5667028406459838,11,11,406.96051592998646,178.9913082797,1
687.8628835081208,9.582809038895249,2,1,76.04805618967173,9.001468338804685,0
505.57238577873784,14.646898954616775,1,2,85.89746471319404,18.427603208188188,0
526.8660829134958,15.354736613268527,1,0,104.75470202050616,17.893333674499395,0
431.51044475006285,10.079320284972551,0,0,96.02668432179487,1.7205782551105635,0
444.5269653553949,8.846835515717716,1,0,65.08104018433535,5.99416031713713,0
467.27317163027953,12.951346476450311,2,1,129.08372335772447,25.262227724562806,0
534.7002372689382,16.40473032166691,1,2,76.0178506234137,10.845046292884641,0
441.4872531113008,21.481937237283578,4,1,105.8769088434534,13.772140793749433,0
945.7685719503659,1.1903327701844497,9,11,258.7586275511117,159.3928277779186,1
592.503823266436,25.716217641360945,0,2,63.87551918663934,20.902377794870983,0
626.3783423999485,19.191844913673926,2,1,64.30922738303425,22.166594402839415,0
439.7891547698556,25.869933816450164,0,2,83.88532120212773,16.21184698032939,0
560.5984734776548,14.99316178024393,0,1,51.95401423275713,23.18529464952175,0
610.8832423048282,23.936930257823754,1,1,92.91470924930096,8.721507224030198,0
578.7864330360595,27.57015676933393,2,1,79.40569421359255,2.927067495694571,0
408.408901214898,14.0755084345888,0,0,55.491771978119544,14.745516779089137,0
353.49876200347734,12.208176554037287,2,2,78.70249335873841,11.377791215543272,0
600.283053447817,15.240709270537767,3,0,63.28154941420732,20.876931420142505,0
393.2582684449372,23.52762966478992,2,0,98.24406667892374,16.492559206202063,0
808.8031763899833,15.586282389089838,1,1,87.77664165435627,22.432180223212363,0
598.4578617436837,17.357312442805345,3,1,59.10045222730153,21.902526747236863,0
556.5698667663685,20.54362511614967,1,1,64.712500880361,26.27094195817464,0
794.6360167893073,14.019870715982556,0,0,89.04451749183929,10.603033861457426,0
721.5964395257199,17.558185203973323,2,2,87.72349349495659,26.078953655696164,0
295.68996749145913,19.621796408608017,3,2,72.18632726584454,26.508364155442422,0
324.37820622414574,22.41829968743336,0,1,74.7536537908181,15.601025649640714,0
460.87717613985905,8.6673169146347,1,1,63.71510576133552,10.787159839407096,0
404.89751138807594,18.5268775307298,3,3,82.61827713007881,12.449479150420839,0
425.02177067651854,22.35648648728622,2,2,80.33806157925702,26.474908772032617,0
599.5286697420187,16.138966119644735,0,0,60.49023041562347,13.531113069313225,0
456.68406010171043,18.12109728336379,2,1,48.8364415493968,17.514351431417698,0
735.7670159499667,24.640970709245288,2,2,68.53407861484581,14.856974657399267,0
530.5305011961456,17.98312771294524,1,1,67.49279277830405,22.910769208508796,0
570.8785796830771,17.833850046777695,2,4,96.64753891905504,15.04959424903937,0
561.8042320650392,14.559248274111381,3,1,86.92738480119992,14.716092384731382,0
341.57201515752297,20.184690848731748,0,0,131.4200799212361,20.874717812923592,0
370.2732151510085,13.36323432904713,1,1,62.28498304283413,21.972594229027294,0
662.4646848998495,22.67159955619637,2,0,101.51908311240128,13.95245883365356,0
495.8013811403646,19.659901652845072,2,3,76.20600098128382,22.171282209642563,0
423.47120188984206,23.38003569299299,3,3,96.5449674475106,25.332478404131933,0
471.58176719119894,20.819545600261797,0,1,80.42529947482497,12.954862089771986,0
471.90159503319967,17.589244108037157,1,1,85.76996971390544,28.603002287460818,0
424.76395306546794,21.5472590856952,2,1,85.68018509722155,15.641936564716264,0
468.8490378363674,20.182799020788337,1,1,81.95818227706403,11.455793151006414,0
492.10996867124146,13.970649667519055,3,2,98.03767895873935,8.88195764732524,0
533.5962351583785,5.878798698635292,3,0,78.62767515545521,6.633621535652955,0
699.8569333355092,19.41643935773071,2,0,104.32081596114725,22.333675346360856,0
569.2486552616648,28.307517883181987,2,1,94.33510409677159,14.489714036490684,0
477.9219996376785,16.3883976539433,1,1,103.46026473788999,18.25549952278312,0
558.7249473473502,23.149804087905807,1,0,123.02241462535216,17.84341796685162,0
500.6136147970953,25.38270174862948,1,1,46.90128445164228,12.18641391205721,0
447.8604527081221,20.556012997624904,1,0,56.33352143238631,22.411257146555794,0
541.7098046434005,25.606580259612258,5,2,70.8824197187957,12.587663220593601,0
473.7079365429363,13.202803816382602,4,1,113.12740810032987,4.760032757050654,0
371.88554847408864,15.268777758737587,3,1,63.55883876313921,15.094687796936556,0
332.17189114170304,19.203765897442842,1,2,129.76706323541723,6.365197005139915,0
626.8546671462699,21.20421430633505,3,1,79.7135702251964,5.896305757975647,0
498.38033303144795,13.165119284353935,3,3,74.13053785492914,22.56197753617839,0
574.4806517060814,27.190918383975614,1,1,51.362392899549235,24.308447463446157,0
474.3213386929389,24.70225223011572,2,0,56.7297005360561,24.596865065238944,0
542.9344832417939,13.043038252718464,2,2,57.800616197616506,8.031143118394436,0
389.6690918919436,19.909677261157768,2,0,92.57667265378957,22.61756609144075,0
545.0837622014807,5.880603366855217,4,0,85.61072989990701,30.67229313505887,0
803.2318911048346,21.541072116282784,0,1,109.3585428394903,23.78860422325637,0
412.3560041939436,18.899470755767393,4,4,45.20368962401706,17.433525327027375,0
605.796770833934,21.674388930249087,1,1,77.48128560172842,10.245030263104423,0
575.8889286866626,21.694052404437514,1,3,52.30612962491208,21.93567341830786,0
762.7763519861207,11.951526285794461,0,2,40.18306511954523,18.781198018310597,0
533.719024128204,20.844915395926378,0,1,90.13914876367889,19.61488122834104,0
641.5156620876592,15.783588744042449,1,0,69.68509362587487,24.09314418818915,0
331.09859663386146,27.366488881087726,1,0,82.69159397595175,16.87135321724511,0
559.0303005807807,18.015230100767074,2,1,94.61037356216448,7.5884805829198,0
557.477579089567,26.30629607273935,0,1,125.70018218669578,16.36201700617406,0
394.9258095938292,24.19141535716818,2,2,99.22384906843152,9.033414400004567,0
597.6220660843603,16.704789270896484,1,0,83.64565605294591,14.588498438112238,0
367.23980311927664,28.376304363126327,3,1,52.52522835765541,21.33769516517223,0
223.7694602317298,23.36253668654901,2,0,108.19192578750994,22.661641864838458,0
493.48461601786255,28.287477348558493,0,1,104.51425075965332,24.5510818045389,0
511.95816381051696,25.503798953171554,2,0,81.56629845261435,17.16542950613867,0
1208.8039647753085,3.1230024095525692,15,9,346.0976806461488,109.12139050588712,1
299.6713662654354,23.983157433228257,3,2,49.08017037180568,14.02457764989833,0
618.11868781719,19.5958725520959,3,0,47.850424346731934,12.89276945408834,0
1020.5470974600004,3.659231034320978,9,10,453.6220224043933,131.52361931397613,1
597.5030986873038,26.679819015826247,2,0,96.34977442259958,17.331691489997308,0
673.637346122448,18.377168194507963,3,2,95.78803976418816,11.723334539666329,0
293.0098600984361,17.551321528563868,2,2,82.02105410200558,13.300730388120623,0
723.8929413373708,21.06386952531285,0,0,121.68404071712548,29.979812290488944,0
588.6159895994492,19.04191403973776,0,0,44.611877424183966,16.05957819260822,0
509.2841969177142,18.905107793518535,1,1,46.21189183716251,9.147904197814663,0
403.00420575738184,20.999643649981024,2,2,85.11271660593705,34.60122506117439,0
491.2605304811753,11.861960924315039,2,3,79.7739977886221,11.646705267368429,0
488.47281203304203,22.23710838575211,2,0,57.07576371249935,15.992362134665226,0
407.2609742554914,24.92136409255259,2,0,99.26344730497225,14.124037048469052,0
524.9225224595733,17.155891384049948,3,1,104.86669003215536,11.830797363740794,0
418.76935996328496,18.29815184960087,1,1,82.32975754231319,27.205658070754627,0
498.02925247126973,17.507059338578692,3,1,118.25110162228044,15.478062071861169,0
461.4336990016408,20.539956634562717,1,2,74.03201721783341,15.775468502613823,0
426.6178636409662,20.569539248294575,2,0,56.66127183048695,12.793987402938512,0
493.1665251534719,20.7336678410069,2,2,74.50374332635421,19.9523865555736,0
520.503852575353,26.07687844734721,0,0,59.18113499349566,15.045496804372128,0
416.8508485687215,11.880298666188718,1,0,80.66170019146924,13.515205045516794,0
625.8811071004267,19.628981582910832,0,2,57.29181216363742,12.792984276139592,0
610.1434336465732,15.852972294373735,2,3,63.74984848979398,18.03979988627774,0
502.2120719678472,24.085792604127484,1,0,99.75251860261005,16.94344368209205,0
504.23162623660744,20.7811500470033,0,1,79.94166454561362,22.715454559960364,0
404.8552601285187,14.216024557152696,0,2,69.5536431455433,23.386956006467052,0
1744.8748994518496,1.8771811300193226,11,9,513.9531933551177,137.5141837334454,1
321.73275523556333,13.783767023419042,3,0,69.38060585679692,5.633808964102355,0
685.7006241596074,26.061103141277123,0,0,19.910421174045837,20.380242264440167,0
515.688869274331,28.72574563886694,1,0,120.83341421047068,28.89410556861153,0
567.2941431641881,7.233049431981426,1,0,109.5559997570337,14.805177720119246,0
594.4501524490943,19.087164365898616,0,1,66.07448736539939,30.68047817310237,0
450.5747640653039,15.733859753363625,3,1,110.68874105554768,24.51781135873654,0
406.6034329517225,15.841898436409759,3,2,86.6584111861916,19.227702871779627,0
428.07499724554725,8.9900978120999,0,1,95.69087226912382,25.859778457196928,0
415.4787571348689,18.97192150788668,0,2,85.58537967809653,9.968609385750696,0
569.186835566692,28.28103564970161,1,1,77.7390027262284,24.1270303739157,0
669.1216928222696,26.475255202153765,0,0,88.51144123430976,19.13668229593133,0
432.50398689268786,16.702266612080415,5,1,78.46405314201418,28.48927126895929,0
548.4861028177446,14.641883160309742,3,0,141.66991223788546,22.144257780739864,0
451.0309552374138,17.39126245808358,3,2,96.24847460262356,31.92174037648656,0
430.77156132051164,18.85208111187744,3,0,140.7209987562665,12.153896765962449,0
483.40828385945787,19.760276982571483,4,1,99.51032277550755,3.0947106418154426,0
585.0027736759224,20.120305222320447,3,2,98.74134139272239,18.32569926153596,0
939.5141522675735,1.899547120902127,17,12,235.68262352678553,166.80226813785177,1
749.0480958374526,17.03170270360141,5,1,62.62467674372307,26.131261695599964,0
473.6393734594986,16.713117312883274,0,0,60.08515099532659,17.435598340851328,0
387.4609952101853,23.04908544671317,2,0,59.63712696737004,1.7175540062757975,0
598.7053894523826,17.981987304547157,1,2,97.58350182101405,20.63923686479609,0
311.57303361314524,23.42991058087516,1,2,60.09931081497285,14.88865726766281,0
505.82259535337926,24.448763770413727,1,1,70.4580091964807,17.692524069314146,0
582.3261751998127,23.19952343698038,2,2,82.55353235734509,35.95956102384942,0
436.3690857953071,22.980238429029082,3,2,80.9363852675824,4.636605547542057,0
526.89109781725,12.674431684623137,1,0,70.71007817393804,19.610389280818506,0
616.2373988639467,15.7055786856553,2,1,80.81366766757,25.489394047876804,0
432.35305366352304,7.235547035237586,0,3,81.22576800520332,15.805051209206049,0
517.6056423719988,13.669125758927496,4,1,74.78350362271763,22.55062235657151,0
644.1456706596734,17.586596570786504,3,2,67.9447566953271,9.680251822272297,0
527.8459924829164,17.505551734044285,1,1,91.1119625434569,4.929085138553077,0
412.74353890101577,15.32018277442976,3,0,107.81717973403228,26.435824177301154,0
486.2316270239721,11.329872525408977,1,1,86.87466606347706,35.22697358089807,0
270.40637064106426,21.54501878794256,1,0,87.45464323276546,15.626451384612063,0
502.5204609959311,10.9314275154751,2,1,64.2727023173581,23.64443887752451,0
590.8386339974422,17.499229617600236,3,1,83.44454599471167,24.136812331125697,0
725.1405007059063,16.487651567559357,2,0,88.19216494801663,16.35664253992828,0
501.2279673223504,20.068995487257492,1,1,80.94766464791361,14.115004283200529,0
598.6472191993388,30.017077926191376,2,2,98.45251521743904,29.744528283218514,0
494.06435484170805,8.624137651771278,3,1,102.91051074833948,16.393711460762017,0
993.9343122745461,1.1570122122839996,8,14,570.3006772221222,161.75660319751086,1
176.3736028470114,21.095771305025988,1,0,84.89448805781909,24.775816209920347,0
509.8740787130509,18.61602403392243,3,1,62.90547389804651,8.032043052127918,0
409.23791056588357,17.164391431067944,2,0,91.32136284803262,11.460920550653206,0
1595.2480614866824,1.6475824402094337,9,8,416.94358019692856,74.26230941714846,1
421.9228917053808,20.82754822815772,3,0,66.38229512593611,13.100242647716266,0
389.7617664218962,17.584472136856526,4,1,53.409891658254544,5.993003477829005,0
603.8906233004145,19.598909670712686,1,0,64.19667389557421,18.889480013516888,0
255.42505577865754,25.567248716210656,1,0,98.17908269562074,17.84539579505896,0
715.3469436221345,20.209703247847045,0,1,83.06740927606656,2.8533789905568003,0
604.5349644118031,14.415888396985975,0,0,120.34048988791724,15.987093228942056,0
471.1609522210238,13.224387103253235,0,3,103.15998312364914,10.389175210079536,0
318.21833303769625,21.50586371155449,2,1,59.831703388701584,20.605922270269783,0
545.6237421207156,17.902901970561338,0,3,115.25061404605101,21.721659171570167,0
477.8117436268413,30.947818210093068,1,1,87.82310829382389,22.927166494769804,0
470.1156752532346,8.16821705311999,1,0,129.18367933377357,22.282509343018642,0
364.5137874539325,13.768216725045633,2,0,45.71935684058181,15.688812324413412,0
532.4548190935807,17.307720080081133,3,2,111.3126372437649,19.226716358227925,0
539.7516117684277,23.247763576596675,2,1,79.29938303450277,16.121912760593613,0
697.3961256201541,12.775954029894832,2,2,111.55230903210611,4.499229955960104,0
534.7729828275695,12.291554429332475,2,0,100.83308412187051,12.557268132316011,0
400.11733122749257,19.335633255057417,2,2,102.5690714599688,11.231829318251872,0
409.3540481176013,14.611275147375743,3,1,67.78860421154876,13.790896748417872,0
754.658743641516,18.611487515161418,5,1,82.68607034168664,23.95130587693863,0
472.9068439416157,14.594741712625595,3,0,57.56710712092233,13.860889873124233,0
597.6211563200766,13.396632034603169,0,0,109.24736235803806,15.153318966730893,0
356.2546528893382,16.745834917724764,1,1,101.53405948762962,25.40025390730103,0
383.0381995727214,17.046587996183266,1,2,122.22514747961057,11.33778868695796,0
523.8871634688164,18.219057359895547,1,0,109.79873614577181,2.614605880981925,0
1546.1433212603124,3.3814228900412475,11,14,430.2080867864496,124.03076761324904,1
602.7678553188167,24.878534066558096,2,1,104.21155807417969,14.165293342913834,0
518.0472543771449,16.314570144409803,2,0,71.16137355322718,23.968762630789076,0
462.8993451837633,24.86829272581479,1,1,87.42654565491254,2.306725516576199,0
653.321218627821,13.134655295592221,1,1,75.4720447879697,18.53909797188631,0
677.5932966668031,23.867369287426627,5,0,87.16824946705803,16.49215710420305,0
439.1668189554644,22.19245387225821,2,1,124.13219925171433,29.524304453868197,0
717.4938269596314,15.822568147150783,3,0,99.71442622037776,28.658979095073192,0
565.6516857404046,14.474940721207956,1,1,90.8590366703767,22.14773603711071,0
434.37692705115296,10.184045956516716,1,1,80.28089027953644,12.311969523824343,0
313.9203882720641,16.256739327960705,1,0,84.90389627345425,13.00567977325073,0
434.7890274639482,17.61081401493599,0,1,75.17940603844025,22.5698907402481,0
404.20433065538555,18.384259414793842,0,2,84.70044452740738,17.603715389148803,0
471.84954399498235,24.900456770737257,1,2,90.1506630625797,15.185429674131484,0
674.137232935405,17.647506109704544,3,2,79.42232725053661,16.690764597876953,0
539.4501331591621,10.6781255989509,2,0,100.09798333099766,1.2517429626191579,0
433.56208335833816,16.38660080578932,3,0,56.167097069783736,20.299030934070842,0
498.53038725837024,18.66770452391141,2,0,55.03262029068328,29.123040311410087,0
462.16769064315855,23.112852160048202,2,0,82.1426682931604,30.36367902209584,0
573.700004005211,18.285065624485423,3,2,61.569911836607645,24.88829017033136,0
390.87350542463133,20.385204136115608,2,0,67.8958723537782,20.659646903709593,0
793.4902375540191,21.684219485462165,1,0,98.39245264760568,32.18761658255834,0
675.8778522705865,18.640522074553946,2,0,50.67033646511108,6.942607832113769,0
437.27323753771526,20.898165866067878,3,1,126.9746470810085,25.200272179123644,0
684.5643879759164,15.131499980307105,2,1,91.66818024785425,11.235346343455518,0
726.3423081452636,17.872229645042772,1,0,77.18726938497296,10.552044684041125,0
672.9527946879339,12.062007904852436,1,1,126.75987365020188,13.77796703090414,0
524.3507625021559,15.584694741582803,3,2,66.92175669674646,10.944040327920565,0
508.891373650373,19.49646290203246,2,1,70.37350786102783,19.771059406744545,0
458.8742580167877,20.470150931413695,1,1,70.40260827074815,19.563116376865437,0
